Date,Timestamp,Event,NarrativeEvent,InputBlockNo,InputNo,TrialNumber,FeedbackType,BlockResult,WinCount,LossCount,Lane,Column,FishType,KeyCode,SequenceTime_ms,TimeSinceLastKey_ms,KeyOrder,KeyType,ExpectedKey1,ExpectedKey2,SequenceNumber,SequenceComposition,SequenceSpeed,SequenceValidity,SequenceType,SequenceWindowClosure,TargetFabInputRate,TargetRecognitionRate,StartPolicyReview,Trials,InterTrialIntervalSeconds,InputWindowSeconds,GameState,GamePolicy,CurrentRecognitionRate,FabAlarmFixationPoint,FabAlarmVariability,CurrentFabRate,CurrentFabAlarm,InputConfidence,InputValidity,InputType,InputNumber
2020-05-11,10:31:13.9619,Running,NA,NA,NA,NA,NA,NA,NA,NA,NA,NA,NA,NA,NA,NA,NA,NA,NA,NA,NA,NA,NA,NA,NA,NA,0,1,0,4,1000,2,1,Running,NA,NA,1,0,25,NA,NA,NA,NA,NA,NA,
2020-05-11,10:31:13.9756,[gameevent],HookMoved,NA,NA,NA,NA,NA,NA,NA,1,3,NA,NA,NA,NA,NA,NA,NA,NA,NA,NA,NA,NA,NA,NA,0,1,0,4,1000,2,1,Running,NA,NA,1,0,25,NA,NA,NA,NA,NA,NA,
2020-05-11,10:31:13.9444,KeyDown,NA,NA,NA,NA,NA,NA,NA,NA,1,3,NA,DownArrow,0,0,NA,WrongKey,H,K,0,Mistyped,Fast,Accepted,HKJL,ClosedByDeadzone,0,1,0,4,1000,2,1,Running,NA,NA,1,0,25,NA,NA,0,Rejected,KeySequence,0,
2020-05-11,10:31:14.6295,KeySequenceStopped,NA,NA,NA,NA,NA,NA,NA,NA,1,3,NA,NA,0,7592766,0,7592766,NA,NA,NA,NA,0,Mistyped,Fast,Accepted,HKJL,ClosedByDeadzone,0,1,0,4,1000,2,1,Running,NA,NA,1,0,25,NA,NA,0,Rejected,KeySequence,0,
2020-05-11,10:31:21.0345,[gameevent],FishHooked,1,1,1,NA,NA,NA,NA,1,3,NA,NA,NA,NA,NA,NA,NA,NA,NA,NA,NA,NA,NA,NA,0,1,0,4,1000,2,1,Running,NA,NA,1,0,25,NA,NA,0,Rejected,KeySequence,0,
2020-05-11,10:31:22.9920,InputWindowOpen,NA,1,1,1,NA,NA,NA,NA,1,3,NA,NA,NA,NA,NA,NA,NA,NA,NA,NA,NA,NA,NA,NA,0,1,0,4,1000,2,1,Running,NA,NA,1,0,25,NA,NA,0,Rejected,KeySequence,0,
2020-05-11,10:31:22.9980,[gameevent],NextTrialStarted,1,1,1,NA,NA,NA,NA,1,3,NA,NA,NA,NA,NA,NA,NA,NA,NA,NA,NA,NA,NA,NA,0,1,0,4,1000,2,1,Running,NA,NA,1,0,25,NA,NA,0,Rejected,KeySequence,0,
2020-05-11,10:31:23.2126,KeyDown,NA,1,1,1,NA,NA,NA,NA,1,3,NA,H,0,0,0,CorrectKey,H,K,1,Correct,Fast,Accepted,HKJL,ClosedByInputThreshold,0,1,0,4,1000,2,1,Running,NA,NA,1,0,25,NA,NA,1,Accepted,KeySequence,1,
2020-05-11,10:31:23.4222,KeyDown,NA,1,1,1,NA,NA,NA,NA,1,3,NA,K,0,2324618,0,2324618,1,CorrectKey,H,K,1,Correct,Fast,Accepted,HKJL,ClosedByInputThreshold,0,1,0,4,1000,2,1,Running,NA,NA,1,0,25,NA,NA,1,Accepted,KeySequence,1,
2020-05-11,10:31:23.6495,KeyDown,NA,1,1,1,NA,NA,NA,NA,1,3,NA,J,0,4489541,0,2164923,2,CorrectKey,J,None,1,Correct,Fast,Accepted,HKJL,ClosedByInputThreshold,0,1,0,4,1000,2,1,Running,NA,NA,1,0,25,NA,NA,1,Accepted,KeySequence,1,
2020-05-11,10:31:23.8575,KeyDown,NA,1,1,1,NA,NA,NA,NA,1,3,NA,L,0,684763,0,2358089,3,CorrectKey,L,None,1,Correct,Fast,Accepted,HKJL,ClosedByInputThreshold,0,1,0,4,1000,2,1,Running,NA,NA,1,0,25,NA,NA,1,Accepted,KeySequence,1,
2020-05-11,10:31:23.8585,KeySequenceStopped,NA,1,1,1,NA,NA,NA,NA,1,3,NA,NA,0,6862981,0,0015351,NA,NA,NA,NA,1,Correct,Fast,Accepted,HKJL,ClosedByInputThreshold,0,1,0,4,1000,2,1,Running,NA,NA,1,0,25,NA,NA,1,Accepted,KeySequence,1,
2020-05-11,10:31:23.8595,[gameevent],InputAccepted,1,1,1,NA,NA,NA,NA,1,3,NA,NA,NA,NA,NA,NA,NA,NA,NA,NA,NA,NA,NA,NA,0,1,0,4,1000,2,1,Running,NA,NA,1,0,25,NA,NA,1,Accepted,KeySequence,1,
2020-05-11,10:31:23.9920,InputWindowClosed,NA,1,1,1,NA,NA,NA,NA,1,3,NA,NA,NA,NA,NA,NA,NA,NA,NA,NA,NA,NA,NA,NA,0,1,0,4,1000,2,1,Running,NA,NA,1,0,25,NA,NA,1,Accepted,KeySequence,1,
2020-05-11,10:31:24.0020,[gameevent],Feedback,1,1,1,Failure,NA,NA,NA,1,4,NA,NA,NA,NA,NA,NA,NA,NA,NA,NA,NA,NA,NA,NA,0,1,0,4,1000,2,1,Running,NA,NA,1,0,25,NA,NA,1,Accepted,KeySequence,1,
2020-05-11,10:31:24.0142,DecisionRejectAllInput,NA,1,1,1,NA,NA,NA,NA,1,4,NA,NA,NA,NA,NA,NA,NA,NA,NA,NA,NA,NA,NA,NA,0,1,0,4,1000,2,1,Running,NA,0,1,0,25,0,0,9868859,1,Accepted,KeySequence,1,
2020-05-11,10:31:26.8533,InputWindowOpen,NA,1,1,1,NA,NA,NA,NA,1,4,NA,NA,NA,NA,NA,NA,NA,NA,NA,NA,NA,NA,NA,NA,0,1,0,4,1000,2,1,Running,NA,0,1,0,25,0,0,9868859,1,Accepted,KeySequence,1,
2020-05-11,10:31:26.8533,[gameevent],NextTrialStarted,1,2,2,NA,NA,NA,NA,1,4,NA,NA,NA,NA,NA,NA,NA,NA,NA,NA,NA,NA,NA,NA,0,1,0,4,1000,2,1,Running,NA,0,1,0,25,0,0,9868859,1,Accepted,KeySequence,1,
2020-05-11,10:31:27.0135,KeyDown,NA,1,2,2,NA,NA,NA,NA,1,4,NA,H,0,0,0,CorrectKey,H,K,2,Correct,Fast,Accepted,HKJL,ClosedByInputThreshold,0,1,0,4,1000,2,1,Running,NA,0,1,0,25,0,0,9868859,1,Accepted,KeySequence,2,
2020-05-11,10:31:27.2741,KeyDown,NA,1,2,2,NA,NA,NA,NA,1,4,NA,K,0,2594352,0,2594352,1,CorrectKey,H,K,2,Correct,Fast,Accepted,HKJL,ClosedByInputThreshold,0,1,0,4,1000,2,1,Running,NA,0,1,0,25,0,0,9868859,1,Accepted,KeySequence,2,
2020-05-11,10:31:27.4851,KeyDown,NA,1,2,2,NA,NA,NA,NA,1,4,NA,J,0,4560038,0,1965686,2,CorrectKey,J,None,2,Correct,Fast,Accepted,HKJL,ClosedByInputThreshold,0,1,0,4,1000,2,1,Running,NA,0,1,0,25,0,0,9868859,1,Accepted,KeySequence,2,
2020-05-11,10:31:27.7269,KeyDown,NA,1,2,2,NA,NA,NA,NA,1,4,NA,L,0,7200024,0,2639986,3,CorrectKey,L,None,2,Correct,Fast,Accepted,HKJL,ClosedByInputThreshold,0,1,0,4,1000,2,1,Running,NA,0,1,0,25,0,0,9868859,1,Accepted,KeySequence,2,
2020-05-11,10:31:27.7289,KeySequenceStopped,NA,1,2,2,NA,NA,NA,NA,1,4,NA,NA,0,7413813,0,021379,NA,NA,NA,NA,2,Correct,Fast,Accepted,HKJL,ClosedByInputThreshold,0,1,0,4,1000,2,1,Running,NA,0,1,0,25,0,0,9868859,1,Accepted,KeySequence,2,
2020-05-11,10:31:27.7308,[gameevent],InputAccepted,1,2,2,NA,NA,NA,NA,1,4,NA,NA,NA,NA,NA,NA,NA,NA,NA,NA,NA,NA,NA,NA,0,1,0,4,1000,2,1,Running,NA,0,1,0,25,0,0,9868859,1,Accepted,KeySequence,2,
2020-05-11,10:31:27.7314,InputWindowClosed,NA,1,2,2,NA,NA,NA,NA,1,4,NA,NA,NA,NA,NA,NA,NA,NA,NA,NA,NA,NA,NA,NA,0,1,0,4,1000,2,1,Running,NA,0,1,0,25,0,0,9868859,1,Accepted,KeySequence,2,
2020-05-11,10:31:27.7314,DecisionAcceptAllInput,NA,1,2,2,NA,NA,NA,NA,1,4,NA,NA,NA,NA,NA,NA,NA,NA,NA,NA,NA,NA,NA,NA,0,1,0,4,1000,2,1,Running,NA,0,5,1,0,25,0,5,1,173655,1,Accepted,KeySequence,2,
2020-05-11,10:31:27.7334,[gameevent],Feedback,1,2,2,Success,NA,NA,NA,0,3,NA,NA,NA,NA,NA,NA,NA,NA,NA,NA,NA,NA,NA,NA,0,1,0,4,1000,2,1,Running,NA,0,5,1,0,25,0,5,1,173655,1,Accepted,KeySequence,2,
2020-05-11,10:31:30.1311,[gameevent],BlockEnded,1,2,2,NA,Win,1,0,NA,NA,S - Loach,NA,NA,NA,NA,NA,NA,NA,NA,NA,NA,NA,NA,NA,0,1,0,4,1000,2,1,Running,NA,0,5,1,0,25,0,5,1,173655,1,Accepted,KeySequence,2,
2020-05-11,10:31:35.0245,[gameevent],HookMoved,NA,NA,NA,NA,NA,NA,NA,1,3,NA,NA,NA,NA,NA,NA,NA,NA,NA,NA,NA,NA,NA,NA,0,1,0,4,1000,2,1,Running,NA,0,5,1,0,25,0,5,1,173655,1,Accepted,KeySequence,2,
2020-05-11,10:31:35.0205,KeyDown,NA,NA,NA,NA,NA,NA,NA,NA,1,3,NA,DownArrow,0,0,NA,WrongKey,H,K,3,Correct,Fast,Accepted,HKJL,ClosedByInputThreshold,0,1,0,4,1000,2,1,Running,NA,0,5,1,0,25,0,5,1,173655,1,Accepted,KeySequence,3,
2020-05-11,10:31:35.5496,KeyDown,NA,NA,NA,NA,NA,NA,NA,NA,1,3,NA,DownArrow,0,5230488,0,5230488,NA,WrongKey,H,K,3,Correct,Fast,Accepted,HKJL,ClosedByInputThreshold,0,1,0,4,1000,2,1,Running,NA,0,5,1,0,25,0,5,1,173655,1,Accepted,KeySequence,3,
2020-05-11,10:31:35.5646,KeyDown,NA,NA,NA,NA,NA,NA,NA,NA,1,3,NA,DownArrow,0,5487692,0,0257204,NA,WrongKey,J,None,3,Correct,Fast,Accepted,HKJL,ClosedByInputThreshold,0,1,0,4,1000,2,1,Running,NA,0,5,1,0,25,0,5,1,173655,1,Accepted,KeySequence,3,
2020-05-11,10:31:35.5906,KeyDown,NA,NA,NA,NA,NA,NA,NA,NA,1,3,NA,DownArrow,0,6214582,0,072689,NA,WrongKey,L,None,3,Correct,Fast,Accepted,HKJL,ClosedByInputThreshold,0,1,0,4,1000,2,1,Running,NA,0,5,1,0,25,0,5,1,173655,1,Accepted,KeySequence,3,
2020-05-11,10:31:35.5906,KeySequenceStopped,NA,NA,NA,NA,NA,NA,NA,NA,1,3,NA,NA,0,6315371,0,0100789,NA,NA,NA,NA,3,Correct,Fast,Accepted,HKJL,ClosedByInputThreshold,0,1,0,4,1000,2,1,Running,NA,0,5,1,0,25,0,5,1,173655,1,Accepted,KeySequence,3,
2020-05-11,10:31:35.6246,KeyDown,NA,NA,NA,NA,NA,NA,NA,NA,1,3,NA,DownArrow,0,0,NA,WrongKey,H,K,4,Correct,Fast,Accepted,HKJL,ClosedByInputThreshold,0,1,0,4,1000,2,1,Running,NA,0,5,1,0,25,0,5,1,173655,1,Accepted,KeySequence,4,
2020-05-11,10:31:35.6831,KeyDown,NA,NA,NA,NA,NA,NA,NA,NA,1,3,NA,DownArrow,0,0338214,0,0338214,NA,WrongKey,H,K,4,Correct,Fast,Accepted,HKJL,ClosedByInputThreshold,0,1,0,4,1000,2,1,Running,NA,0,5,1,0,25,0,5,1,173655,1,Accepted,KeySequence,4,
2020-05-11,10:31:35.6906,KeyDown,NA,NA,NA,NA,NA,NA,NA,NA,1,3,NA,DownArrow,0,0523415,0,0185201,NA,WrongKey,J,None,4,Correct,Fast,Accepted,HKJL,ClosedByInputThreshold,0,1,0,4,1000,2,1,Running,NA,0,5,1,0,25,0,5,1,173655,1,Accepted,KeySequence,4,
2020-05-11,10:31:35.7245,KeyDown,NA,NA,NA,NA,NA,NA,NA,NA,1,3,NA,DownArrow,0,0870869,0,0347454,NA,WrongKey,L,None,4,Correct,Fast,Accepted,HKJL,ClosedByInputThreshold,0,1,0,4,1000,2,1,Running,NA,0,5,1,0,25,0,5,1,173655,1,Accepted,KeySequence,4,
2020-05-11,10:31:35.7275,KeySequenceStopped,NA,NA,NA,NA,NA,NA,NA,NA,1,3,NA,NA,0,1169861,0,0298992,NA,NA,NA,NA,4,Correct,Fast,Accepted,HKJL,ClosedByInputThreshold,0,1,0,4,1000,2,1,Running,NA,0,5,1,0,25,0,5,1,173655,1,Accepted,KeySequence,4,
2020-05-11,10:31:35.7629,KeyDown,NA,NA,NA,NA,NA,NA,NA,NA,1,3,NA,DownArrow,0,0,NA,WrongKey,H,K,5,Correct,Fast,Accepted,HKJL,ClosedByInputThreshold,0,1,0,4,1000,2,1,Running,NA,0,5,1,0,25,0,5,1,173655,1,Accepted,KeySequence,5,
2020-05-11,10:31:35.7971,KeyDown,NA,NA,NA,NA,NA,NA,NA,NA,1,3,NA,DownArrow,0,0329718,0,0329718,NA,WrongKey,H,K,5,Correct,Fast,Accepted,HKJL,ClosedByInputThreshold,0,1,0,4,1000,2,1,Running,NA,0,5,1,0,25,0,5,1,173655,1,Accepted,KeySequence,5,
2020-05-11,10:31:35.8412,KeyDown,NA,NA,NA,NA,NA,NA,NA,NA,1,3,NA,DownArrow,0,0660051,0,0330333,NA,WrongKey,J,None,5,Correct,Fast,Accepted,HKJL,ClosedByInputThreshold,0,1,0,4,1000,2,1,Running,NA,0,5,1,0,25,0,5,1,173655,1,Accepted,KeySequence,5,
2020-05-11,10:31:35.9168,KeyDown,NA,NA,NA,NA,NA,NA,NA,NA,1,3,NA,DownArrow,0,0987802,0,0327751,NA,WrongKey,L,None,5,Correct,Fast,Accepted,HKJL,ClosedByInputThreshold,0,1,0,4,1000,2,1,Running,NA,0,5,1,0,25,0,5,1,173655,1,Accepted,KeySequence,5,
2020-05-11,10:31:35.9168,KeySequenceStopped,NA,NA,NA,NA,NA,NA,NA,NA,1,3,NA,NA,0,1157889,0,0170087,NA,NA,NA,NA,5,Correct,Fast,Accepted,HKJL,ClosedByInputThreshold,0,1,0,4,1000,2,1,Running,NA,0,5,1,0,25,0,5,1,173655,1,Accepted,KeySequence,5,
2020-05-11,10:31:35.9178,KeyDown,NA,NA,NA,NA,NA,NA,NA,NA,1,3,NA,DownArrow,0,1157889,0,0170087,NA,WrongKey,H,K,6,Correct,Fast,Accepted,HKJL,ClosedByInputThreshold,0,1,0,4,1000,2,1,Running,NA,0,5,1,0,25,0,5,1,173655,1,Accepted,KeySequence,6,
2020-05-11,10:31:35.9898,KeyDown,NA,NA,NA,NA,NA,NA,NA,NA,1,3,NA,DownArrow,0,1986814,0,0828925,NA,WrongKey,H,K,6,Correct,Fast,Accepted,HKJL,ClosedByInputThreshold,0,1,0,4,1000,2,1,Running,NA,0,5,1,0,25,0,5,1,173655,1,Accepted,KeySequence,6,
2020-05-11,10:31:35.9957,KeyDown,NA,NA,NA,NA,NA,NA,NA,NA,1,3,NA,DownArrow,0,2153595,0,0166781,NA,WrongKey,J,None,6,Correct,Fast,Accepted,HKJL,ClosedByInputThreshold,0,1,0,4,1000,2,1,Running,NA,0,5,1,0,25,0,5,1,173655,1,Accepted,KeySequence,6,
2020-05-11,10:31:36.0237,KeyDown,NA,NA,NA,NA,NA,NA,NA,NA,1,3,NA,DownArrow,0,2663677,0,0510082,NA,WrongKey,L,None,6,Correct,Fast,Accepted,HKJL,ClosedByInputThreshold,0,1,0,4,1000,2,1,Running,NA,0,5,1,0,25,0,5,1,173655,1,Accepted,KeySequence,6,
2020-05-11,10:31:36.0247,KeySequenceStopped,NA,NA,NA,NA,NA,NA,NA,NA,1,3,NA,NA,0,2821747,0,015807,NA,NA,NA,NA,6,Correct,Fast,Accepted,HKJL,ClosedByInputThreshold,0,1,0,4,1000,2,1,Running,NA,0,5,1,0,25,0,5,1,173655,1,Accepted,KeySequence,6,
2020-05-11,10:31:36.0633,KeyDown,NA,NA,NA,NA,NA,NA,NA,NA,1,3,NA,DownArrow,0,0,NA,WrongKey,H,K,7,Correct,Fast,Accepted,HKJL,ClosedByInputThreshold,0,1,0,4,1000,2,1,Running,NA,0,5,1,0,25,0,5,1,173655,1,Accepted,KeySequence,7,
2020-05-11,10:31:36.0943,KeyDown,NA,NA,NA,NA,NA,NA,NA,NA,1,3,NA,DownArrow,0,0330091,0,0330091,NA,WrongKey,H,K,7,Correct,Fast,Accepted,HKJL,ClosedByInputThreshold,0,1,0,4,1000,2,1,Running,NA,0,5,1,0,25,0,5,1,173655,1,Accepted,KeySequence,7,
2020-05-11,10:31:36.1245,KeyDown,NA,NA,NA,NA,NA,NA,NA,NA,1,3,NA,DownArrow,0,0673903,0,0343812,NA,WrongKey,J,None,7,Correct,Fast,Accepted,HKJL,ClosedByInputThreshold,0,1,0,4,1000,2,1,Running,NA,0,5,1,0,25,0,5,1,173655,1,Accepted,KeySequence,7,
2020-05-11,10:31:36.1949,KeyDown,NA,NA,NA,NA,NA,NA,NA,NA,1,3,NA,DownArrow,0,1003739,0,0329836,NA,WrongKey,L,None,7,Correct,Fast,Accepted,HKJL,ClosedByInputThreshold,0,1,0,4,1000,2,1,Running,NA,0,5,1,0,25,0,5,1,173655,1,Accepted,KeySequence,7,
2020-05-11,10:31:36.1949,KeySequenceStopped,NA,NA,NA,NA,NA,NA,NA,NA,1,3,NA,NA,0,1533956,0,0530217,NA,NA,NA,NA,7,Correct,Fast,Accepted,HKJL,ClosedByInputThreshold,0,1,0,4,1000,2,1,Running,NA,0,5,1,0,25,0,5,1,173655,1,Accepted,KeySequence,7,
2020-05-11,10:31:36.2259,KeyDown,NA,NA,NA,NA,NA,NA,NA,NA,1,3,NA,DownArrow,0,0,NA,WrongKey,H,K,8,Correct,Fast,Accepted,HKJL,ClosedByInputThreshold,0,1,0,4,1000,2,1,Running,NA,0,5,1,0,25,0,5,1,173655,1,Accepted,KeySequence,8,
2020-05-11,10:31:36.3116,KeyDown,NA,NA,NA,NA,NA,NA,NA,NA,1,3,NA,DownArrow,0,0369646,0,0369646,NA,WrongKey,H,K,8,Correct,Fast,Accepted,HKJL,ClosedByInputThreshold,0,1,0,4,1000,2,1,Running,NA,0,5,1,0,25,0,5,1,173655,1,Accepted,KeySequence,8,
2020-05-11,10:31:36.3136,KeyDown,NA,NA,NA,NA,NA,NA,NA,NA,1,3,NA,DownArrow,0,1039227,0,0669581,NA,WrongKey,J,None,8,Correct,Fast,Accepted,HKJL,ClosedByInputThreshold,0,1,0,4,1000,2,1,Running,NA,0,5,1,0,25,0,5,1,173655,1,Accepted,KeySequence,8,
2020-05-11,10:31:36.4130,KeyDown,NA,NA,NA,NA,NA,NA,NA,NA,1,3,NA,DownArrow,0,1356844,0,0317617,NA,WrongKey,L,None,8,Correct,Fast,Accepted,HKJL,ClosedByInputThreshold,0,1,0,4,1000,2,1,Running,NA,0,5,1,0,25,0,5,1,173655,1,Accepted,KeySequence,8,
2020-05-11,10:31:36.4140,KeySequenceStopped,NA,NA,NA,NA,NA,NA,NA,NA,1,3,NA,NA,0,1909251,0,0552407,NA,NA,NA,NA,8,Correct,Fast,Accepted,HKJL,ClosedByInputThreshold,0,1,0,4,1000,2,1,Running,NA,0,5,1,0,25,0,5,1,173655,1,Accepted,KeySequence,8,
2020-05-11,10:31:36.4281,KeyDown,NA,NA,NA,NA,NA,NA,NA,NA,1,3,NA,DownArrow,0,1909251,0,0552407,NA,WrongKey,H,K,9,Correct,Fast,Accepted,HKJL,ClosedByInputThreshold,0,1,0,4,1000,2,1,Running,NA,0,5,1,0,25,0,5,1,173655,1,Accepted,KeySequence,9,
2020-05-11,10:31:36.4596,KeyDown,NA,NA,NA,NA,NA,NA,NA,NA,1,3,NA,DownArrow,0,2342282,0,0433031,NA,WrongKey,H,K,9,Correct,Fast,Accepted,HKJL,ClosedByInputThreshold,0,1,0,4,1000,2,1,Running,NA,0,5,1,0,25,0,5,1,173655,1,Accepted,KeySequence,9,
2020-05-11,10:31:36.4975,KeyDown,NA,NA,NA,NA,NA,NA,NA,NA,1,3,NA,DownArrow,0,2677161,0,0334879,NA,WrongKey,J,None,9,Correct,Fast,Accepted,HKJL,ClosedByInputThreshold,0,1,0,4,1000,2,1,Running,NA,0,5,1,0,25,0,5,1,173655,1,Accepted,KeySequence,9,
2020-05-11,10:31:36.5447,KeyDown,NA,NA,NA,NA,NA,NA,NA,NA,1,3,NA,DownArrow,0,3014261,0,03371,NA,WrongKey,L,None,9,Correct,Fast,Accepted,HKJL,ClosedByInputThreshold,0,1,0,4,1000,2,1,Running,NA,0,5,1,0,25,0,5,1,173655,1,Accepted,KeySequence,9,
2020-05-11,10:31:36.5457,KeySequenceStopped,NA,NA,NA,NA,NA,NA,NA,NA,1,3,NA,NA,0,3364156,0,0349895,NA,NA,NA,NA,9,Correct,Fast,Accepted,HKJL,ClosedByInputThreshold,0,1,0,4,1000,2,1,Running,NA,0,5,1,0,25,0,5,1,173655,1,Accepted,KeySequence,9,
2020-05-11,10:31:36.6114,KeyDown,NA,NA,NA,NA,NA,NA,NA,NA,1,3,NA,DownArrow,0,3364156,0,0349895,NA,WrongKey,H,K,10,Correct,Fast,Accepted,HKJL,ClosedByInputThreshold,0,1,0,4,1000,2,1,Running,NA,0,5,1,0,25,0,5,1,173655,1,Accepted,KeySequence,10,
2020-05-11,10:31:36.6164,KeyDown,NA,NA,NA,NA,NA,NA,NA,NA,1,3,NA,DownArrow,0,3522728,0,0158572,NA,WrongKey,H,K,10,Correct,Fast,Accepted,HKJL,ClosedByInputThreshold,0,1,0,4,1000,2,1,Running,NA,0,5,1,0,25,0,5,1,173655,1,Accepted,KeySequence,10,
2020-05-11,10:31:36.6590,KeyDown,NA,NA,NA,NA,NA,NA,NA,NA,1,3,NA,DownArrow,0,4350827,0,0828099,NA,WrongKey,J,None,10,Correct,Fast,Accepted,HKJL,ClosedByInputThreshold,0,1,0,4,1000,2,1,Running,NA,0,5,1,0,25,0,5,1,173655,1,Accepted,KeySequence,10,
2020-05-11,10:31:36.7301,KeyDown,NA,NA,NA,NA,NA,NA,NA,NA,1,3,NA,DownArrow,0,4683917,0,033309,NA,WrongKey,L,None,10,Correct,Fast,Accepted,HKJL,ClosedByInputThreshold,0,1,0,4,1000,2,1,Running,NA,0,5,1,0,25,0,5,1,173655,1,Accepted,KeySequence,10,
2020-05-11,10:31:36.7321,KeySequenceStopped,NA,NA,NA,NA,NA,NA,NA,NA,1,3,NA,NA,0,4881465,0,0197548,NA,NA,NA,NA,10,Correct,Fast,Accepted,HKJL,ClosedByInputThreshold,0,1,0,4,1000,2,1,Running,NA,0,5,1,0,25,0,5,1,173655,1,Accepted,KeySequence,10,
2020-05-11,10:31:36.7411,KeyDown,NA,NA,NA,NA,NA,NA,NA,NA,1,3,NA,DownArrow,0,4881465,0,0197548,NA,WrongKey,H,K,11,Correct,Fast,Accepted,HKJL,ClosedByInputThreshold,0,1,0,4,1000,2,1,Running,NA,0,5,1,0,25,0,5,1,173655,1,Accepted,KeySequence,11,
2020-05-11,10:31:36.7761,KeyDown,NA,NA,NA,NA,NA,NA,NA,NA,1,3,NA,DownArrow,0,5518294,0,0636829,NA,WrongKey,H,K,11,Correct,Fast,Accepted,HKJL,ClosedByInputThreshold,0,1,0,4,1000,2,1,Running,NA,0,5,1,0,25,0,5,1,173655,1,Accepted,KeySequence,11,
2020-05-11,10:31:36.8348,KeyDown,NA,NA,NA,NA,NA,NA,NA,NA,1,3,NA,DownArrow,0,5866578,0,0348284,NA,WrongKey,J,None,11,Correct,Fast,Accepted,HKJL,ClosedByInputThreshold,0,1,0,4,1000,2,1,Running,NA,0,5,1,0,25,0,5,1,173655,1,Accepted,KeySequence,11,
2020-05-11,10:31:36.8440,KeyDown,NA,NA,NA,NA,NA,NA,NA,NA,1,3,NA,DownArrow,0,6058689,0,0192111,NA,WrongKey,L,None,11,Correct,Fast,Accepted,HKJL,ClosedByInputThreshold,0,1,0,4,1000,2,1,Running,NA,0,5,1,0,25,0,5,1,173655,1,Accepted,KeySequence,11,
2020-05-11,10:31:36.8449,KeySequenceStopped,NA,NA,NA,NA,NA,NA,NA,NA,1,3,NA,NA,0,6342924,0,0284235,NA,NA,NA,NA,11,Correct,Fast,Accepted,HKJL,ClosedByInputThreshold,0,1,0,4,1000,2,1,Running,NA,0,5,1,0,25,0,5,1,173655,1,Accepted,KeySequence,11,
2020-05-11,10:31:36.8961,KeyDown,NA,NA,NA,NA,NA,NA,NA,NA,1,3,NA,DownArrow,0,0,NA,WrongKey,H,K,12,Correct,Fast,Accepted,HKJL,ClosedByInputThreshold,0,1,0,4,1000,2,1,Running,NA,0,5,1,0,25,0,5,1,173655,1,Accepted,KeySequence,12,
2020-05-11,10:31:36.9082,KeyDown,NA,NA,NA,NA,NA,NA,NA,NA,1,3,NA,DownArrow,0,0232686,0,0232686,NA,WrongKey,H,K,12,Correct,Fast,Accepted,HKJL,ClosedByInputThreshold,0,1,0,4,1000,2,1,Running,NA,0,5,1,0,25,0,5,1,173655,1,Accepted,KeySequence,12,
2020-05-11,10:31:36.9447,KeyDown,NA,NA,NA,NA,NA,NA,NA,NA,1,3,NA,DownArrow,0,0666761,0,0434075,NA,WrongKey,J,None,12,Correct,Fast,Accepted,HKJL,ClosedByInputThreshold,0,1,0,4,1000,2,1,Running,NA,0,5,1,0,25,0,5,1,173655,1,Accepted,KeySequence,12,
2020-05-11,10:31:36.9770,KeyDown,NA,NA,NA,NA,NA,NA,NA,NA,1,3,NA,DownArrow,0,1002099,0,0335338,NA,WrongKey,L,None,12,Correct,Fast,Accepted,HKJL,ClosedByInputThreshold,0,1,0,4,1000,2,1,Running,NA,0,5,1,0,25,0,5,1,173655,1,Accepted,KeySequence,12,
2020-05-11,10:31:36.9790,KeySequenceStopped,NA,NA,NA,NA,NA,NA,NA,NA,1,3,NA,NA,0,1179589,0,017749,NA,NA,NA,NA,12,Correct,Fast,Accepted,HKJL,ClosedByInputThreshold,0,1,0,4,1000,2,1,Running,NA,0,5,1,0,25,0,5,1,173655,1,Accepted,KeySequence,12,
2020-05-11,10:31:37.4793,[gameevent],HookMoved,NA,NA,NA,NA,NA,NA,NA,2,3,NA,NA,NA,NA,NA,NA,NA,NA,NA,NA,NA,NA,NA,NA,0,1,0,4,1000,2,1,Running,NA,0,5,1,0,25,0,5,1,173655,1,Accepted,KeySequence,12,
2020-05-11,10:31:37.0800,KeyDown,NA,NA,NA,NA,NA,NA,NA,NA,2,3,NA,DownArrow,0,0,NA,WrongKey,H,K,13,Correct,Fast,Accepted,HKJL,ClosedByInputThreshold,0,1,0,4,1000,2,1,Running,NA,0,5,1,0,25,0,5,1,173655,1,Accepted,KeySequence,13,
2020-05-11,10:31:37.0810,KeyDown,NA,NA,NA,NA,NA,NA,NA,NA,2,3,NA,DownArrow,0,0212109,0,0212109,NA,WrongKey,H,K,13,Correct,Fast,Accepted,HKJL,ClosedByInputThreshold,0,1,0,4,1000,2,1,Running,NA,0,5,1,0,25,0,5,1,173655,1,Accepted,KeySequence,13,
2020-05-11,10:31:37.1078,KeyDown,NA,NA,NA,NA,NA,NA,NA,NA,2,3,NA,DownArrow,0,0980584,0,0768475,NA,WrongKey,J,None,13,Correct,Fast,Accepted,HKJL,ClosedByInputThreshold,0,1,0,4,1000,2,1,Running,NA,0,5,1,0,25,0,5,1,173655,1,Accepted,KeySequence,13,
2020-05-11,10:31:37.4763,KeyDown,NA,NA,NA,NA,NA,NA,NA,NA,2,3,NA,DownArrow,0,4699645,0,3719061,NA,WrongKey,L,None,13,Correct,Fast,Accepted,HKJL,ClosedByInputThreshold,0,1,0,4,1000,2,1,Running,NA,0,5,1,0,25,0,5,1,173655,1,Accepted,KeySequence,13,
2020-05-11,10:31:37.4793,KeySequenceStopped,NA,NA,NA,NA,NA,NA,NA,NA,2,3,NA,NA,0,4840914,0,0141269,NA,NA,NA,NA,13,Correct,Fast,Accepted,HKJL,ClosedByInputThreshold,0,1,0,4,1000,2,1,Running,NA,0,5,1,0,25,0,5,1,173655,1,Accepted,KeySequence,13,
2020-05-11,10:31:39.2109,[gameevent],FishHooked,2,3,3,NA,NA,NA,NA,2,3,NA,NA,NA,NA,NA,NA,NA,NA,NA,NA,NA,NA,NA,NA,0,1,0,4,1000,2,1,Running,NA,0,5,1,0,25,0,5,1,173655,1,Accepted,KeySequence,13,
2020-05-11,10:31:41.1970,InputWindowOpen,NA,2,3,3,NA,NA,NA,NA,2,3,NA,NA,NA,NA,NA,NA,NA,NA,NA,NA,NA,NA,NA,NA,0,1,0,4,1000,2,1,Running,NA,0,5,1,0,25,0,5,1,173655,1,Accepted,KeySequence,13,
2020-05-11,10:31:41.1980,[gameevent],NextTrialStarted,2,3,3,NA,NA,NA,NA,2,3,NA,NA,NA,NA,NA,NA,NA,NA,NA,NA,NA,NA,NA,NA,0,1,0,4,1000,2,1,Running,NA,0,5,1,0,25,0,5,1,173655,1,Accepted,KeySequence,13,
2020-05-11,10:31:41.5718,KeyDown,NA,2,3,3,NA,NA,NA,NA,2,3,NA,H,0,0,0,CorrectKey,H,K,14,Correct,Fast,Accepted,HKJL,ClosedByInputThreshold,0,1,0,4,1000,2,1,Running,NA,0,5,1,0,25,0,5,1,173655,1,Accepted,KeySequence,14,
2020-05-11,10:31:41.7761,KeyDown,NA,2,3,3,NA,NA,NA,NA,2,3,NA,K,0,1894024,0,1894024,1,CorrectKey,H,K,14,Correct,Fast,Accepted,HKJL,ClosedByInputThreshold,0,1,0,4,1000,2,1,Running,NA,0,5,1,0,25,0,5,1,173655,1,Accepted,KeySequence,14,
2020-05-11,10:31:41.9600,KeyDown,NA,2,3,3,NA,NA,NA,NA,2,3,NA,J,0,4169792,0,2275768,2,CorrectKey,J,None,14,Correct,Fast,Accepted,HKJL,ClosedByInputThreshold,0,1,0,4,1000,2,1,Running,NA,0,5,1,0,25,0,5,1,173655,1,Accepted,KeySequence,14,
2020-05-11,10:31:42.1631,KeyDown,NA,2,3,3,NA,NA,NA,NA,2,3,NA,L,0,6212589,0,2042797,3,CorrectKey,L,None,14,Correct,Fast,Accepted,HKJL,ClosedByInputThreshold,0,1,0,4,1000,2,1,Running,NA,0,5,1,0,25,0,5,1,173655,1,Accepted,KeySequence,14,
2020-05-11,10:31:42.1651,KeySequenceStopped,NA,2,3,3,NA,NA,NA,NA,2,3,NA,NA,0,6409671,0,0197082,NA,NA,NA,NA,14,Correct,Fast,Accepted,HKJL,ClosedByInputThreshold,0,1,0,4,1000,2,1,Running,NA,0,5,1,0,25,0,5,1,173655,1,Accepted,KeySequence,14,
2020-05-11,10:31:42.1661,[gameevent],InputAccepted,2,3,3,NA,NA,NA,NA,2,3,NA,NA,NA,NA,NA,NA,NA,NA,NA,NA,NA,NA,NA,NA,0,1,0,4,1000,2,1,Running,NA,0,5,1,0,25,0,5,1,173655,1,Accepted,KeySequence,14,
2020-05-11,10:31:42.1671,InputWindowClosed,NA,2,3,3,NA,NA,NA,NA,2,3,NA,NA,NA,NA,NA,NA,NA,NA,NA,NA,NA,NA,NA,NA,0,1,0,4,1000,2,1,Running,NA,0,5,1,0,25,0,5,1,173655,1,Accepted,KeySequence,14,
2020-05-11,10:31:42.1671,DecisionAcceptAllInput,NA,2,3,3,NA,NA,NA,NA,2,3,NA,NA,NA,NA,NA,NA,NA,NA,NA,NA,NA,NA,NA,NA,0,1,0,4,1000,2,1,Running,NA,0,6666667,1,0,25,0,6666667,1,05355,1,Accepted,KeySequence,14,
2020-05-11,10:31:42.1671,[gameevent],Feedback,2,3,3,Success,NA,NA,NA,1,3,NA,NA,NA,NA,NA,NA,NA,NA,NA,NA,NA,NA,NA,NA,0,1,0,4,1000,2,1,Running,NA,0,6666667,1,0,25,0,6666667,1,05355,1,Accepted,KeySequence,14,
2020-05-11,10:31:45.0227,InputWindowOpen,NA,2,3,3,NA,NA,NA,NA,1,3,NA,NA,NA,NA,NA,NA,NA,NA,NA,NA,NA,NA,NA,NA,0,1,0,4,1000,2,1,Running,NA,0,6666667,1,0,25,0,6666667,1,05355,1,Accepted,KeySequence,14,
2020-05-11,10:31:45.0227,[gameevent],NextTrialStarted,2,4,4,NA,NA,NA,NA,1,3,NA,NA,NA,NA,NA,NA,NA,NA,NA,NA,NA,NA,NA,NA,0,1,0,4,1000,2,1,Running,NA,0,6666667,1,0,25,0,6666667,1,05355,1,Accepted,KeySequence,14,
2020-05-11,10:31:45.2293,KeyDown,NA,2,4,4,NA,NA,NA,NA,1,3,NA,H,0,0,0,CorrectKey,H,K,15,Correct,Fast,Accepted,HKJL,ClosedByInputThreshold,0,1,0,4,1000,2,1,Running,NA,0,6666667,1,0,25,0,6666667,1,05355,1,Accepted,KeySequence,15,
2020-05-11,10:31:45.4222,KeyDown,NA,2,4,4,NA,NA,NA,NA,1,3,NA,K,0,1673425,0,1673425,1,CorrectKey,H,K,15,Correct,Fast,Accepted,HKJL,ClosedByInputThreshold,0,1,0,4,1000,2,1,Running,NA,0,6666667,1,0,25,0,6666667,1,05355,1,Accepted,KeySequence,15,
2020-05-11,10:31:45.6300,KeyDown,NA,2,4,4,NA,NA,NA,NA,1,3,NA,J,0,371122,0,2037795,2,CorrectKey,J,None,15,Correct,Fast,Accepted,HKJL,ClosedByInputThreshold,0,1,0,4,1000,2,1,Running,NA,0,6666667,1,0,25,0,6666667,1,05355,1,Accepted,KeySequence,15,
2020-05-11,10:31:45.8733,KeyDown,NA,2,4,4,NA,NA,NA,NA,1,3,NA,L,0,6184624,0,2473404,3,CorrectKey,L,None,15,Correct,Fast,Accepted,HKJL,ClosedByInputThreshold,0,1,0,4,1000,2,1,Running,NA,0,6666667,1,0,25,0,6666667,1,05355,1,Accepted,KeySequence,15,
2020-05-11,10:31:45.8743,KeySequenceStopped,NA,2,4,4,NA,NA,NA,NA,1,3,NA,NA,0,6400537,0,0215913,NA,NA,NA,NA,15,Correct,Fast,Accepted,HKJL,ClosedByInputThreshold,0,1,0,4,1000,2,1,Running,NA,0,6666667,1,0,25,0,6666667,1,05355,1,Accepted,KeySequence,15,
2020-05-11,10:31:45.8794,[gameevent],InputAccepted,2,4,4,NA,NA,NA,NA,1,3,NA,NA,NA,NA,NA,NA,NA,NA,NA,NA,NA,NA,NA,NA,0,1,0,4,1000,2,1,Running,NA,0,6666667,1,0,25,0,6666667,1,05355,1,Accepted,KeySequence,15,
2020-05-11,10:31:46.0133,InputWindowClosed,NA,2,4,4,NA,NA,NA,NA,1,3,NA,NA,NA,NA,NA,NA,NA,NA,NA,NA,NA,NA,NA,NA,0,1,0,4,1000,2,1,Running,NA,0,6666667,1,0,25,0,6666667,1,05355,1,Accepted,KeySequence,15,
2020-05-11,10:31:46.0143,[gameevent],Feedback,2,4,4,Failure,NA,NA,NA,1,4,NA,NA,NA,NA,NA,NA,NA,NA,NA,NA,NA,NA,NA,NA,0,1,0,4,1000,2,1,Running,NA,0,6666667,1,0,25,0,6666667,1,05355,1,Accepted,KeySequence,15,
2020-05-11,10:31:46.0143,DecisionRejectAllInput,NA,2,4,4,NA,NA,NA,NA,1,4,NA,NA,NA,NA,NA,NA,NA,NA,NA,NA,NA,NA,NA,NA,0,1,0,4,1000,2,1,Running,NA,0,5,1,0,25,0,5,1,174551,1,Accepted,KeySequence,15,
2020-05-11,10:31:48.8159,InputWindowOpen,NA,2,4,4,NA,NA,NA,NA,1,4,NA,NA,NA,NA,NA,NA,NA,NA,NA,NA,NA,NA,NA,NA,0,1,0,4,1000,2,1,Running,NA,0,5,1,0,25,0,5,1,174551,1,Accepted,KeySequence,15,
2020-05-11,10:31:48.8169,[gameevent],NextTrialStarted,2,5,5,NA,NA,NA,NA,1,4,NA,NA,NA,NA,NA,NA,NA,NA,NA,NA,NA,NA,NA,NA,0,1,0,4,1000,2,1,Running,NA,0,5,1,0,25,0,5,1,174551,1,Accepted,KeySequence,15,
2020-05-11,10:31:48.9453,KeyDown,NA,2,5,5,NA,NA,NA,NA,1,4,NA,H,0,0,0,CorrectKey,H,K,16,Correct,Fast,Accepted,HKJL,ClosedByInputThreshold,0,1,0,4,1000,2,1,Running,NA,0,5,1,0,25,0,5,1,174551,1,Accepted,KeySequence,16,
2020-05-11,10:31:49.2214,KeyDown,NA,2,5,5,NA,NA,NA,NA,1,4,NA,K,0,2741914,0,2741914,1,CorrectKey,H,K,16,Correct,Fast,Accepted,HKJL,ClosedByInputThreshold,0,1,0,4,1000,2,1,Running,NA,0,5,1,0,25,0,5,1,174551,1,Accepted,KeySequence,16,
2020-05-11,10:31:49.4167,KeyDown,NA,2,5,5,NA,NA,NA,NA,1,4,NA,J,0,5246313,0,2504398,2,CorrectKey,J,None,16,Correct,Fast,Accepted,HKJL,ClosedByInputThreshold,0,1,0,4,1000,2,1,Running,NA,0,5,1,0,25,0,5,1,174551,1,Accepted,KeySequence,16,
2020-05-11,10:31:49.6837,KeyDown,NA,2,5,5,NA,NA,NA,NA,1,4,NA,L,0,740507,0,2158757,3,CorrectKey,L,None,16,Correct,Fast,Accepted,HKJL,ClosedByInputThreshold,0,1,0,4,1000,2,1,Running,NA,0,5,1,0,25,0,5,1,174551,1,Accepted,KeySequence,16,
2020-05-11,10:31:49.6847,KeySequenceStopped,NA,2,5,5,NA,NA,NA,NA,1,4,NA,NA,0,7611396,0,0206326,NA,NA,NA,NA,16,Correct,Fast,Accepted,HKJL,ClosedByInputThreshold,0,1,0,4,1000,2,1,Running,NA,0,5,1,0,25,0,5,1,174551,1,Accepted,KeySequence,16,
2020-05-11,10:31:49.6847,[gameevent],InputAccepted,2,5,5,NA,NA,NA,NA,1,4,NA,NA,NA,NA,NA,NA,NA,NA,NA,NA,NA,NA,NA,NA,0,1,0,4,1000,2,1,Running,NA,0,5,1,0,25,0,5,1,174551,1,Accepted,KeySequence,16,
2020-05-11,10:31:49.6847,InputWindowClosed,NA,2,5,5,NA,NA,NA,NA,1,4,NA,NA,NA,NA,NA,NA,NA,NA,NA,NA,NA,NA,NA,NA,0,1,0,4,1000,2,1,Running,NA,0,5,1,0,25,0,5,1,174551,1,Accepted,KeySequence,16,
2020-05-11,10:31:49.6857,DecisionAcceptAllInput,NA,2,5,5,NA,NA,NA,NA,1,4,NA,NA,NA,NA,NA,NA,NA,NA,NA,NA,NA,NA,NA,NA,0,1,0,4,1000,2,1,Running,NA,0,6,1,0,25,0,6,1,248034,1,Accepted,KeySequence,16,
2020-05-11,10:31:49.6857,[gameevent],Feedback,2,5,5,Success,NA,NA,NA,0,3,NA,NA,NA,NA,NA,NA,NA,NA,NA,NA,NA,NA,NA,NA,0,1,0,4,1000,2,1,Running,NA,0,6,1,0,25,0,6,1,248034,1,Accepted,KeySequence,16,
2020-05-11,10:31:51.9836,[gameevent],BlockEnded,2,5,5,NA,Win,2,0,NA,NA,M - Rainbow Trout,NA,NA,NA,NA,NA,NA,NA,NA,NA,NA,NA,NA,NA,0,1,0,4,1000,2,1,Running,NA,0,6,1,0,25,0,6,1,248034,1,Accepted,KeySequence,16,
2020-05-11,10:31:55.3543,[gameevent],HookMoved,NA,NA,NA,NA,NA,NA,NA,1,3,NA,NA,NA,NA,NA,NA,NA,NA,NA,NA,NA,NA,NA,NA,0,1,0,4,1000,2,1,Running,NA,0,6,1,0,25,0,6,1,248034,1,Accepted,KeySequence,16,
2020-05-11,10:31:55.3533,KeyDown,NA,NA,NA,NA,NA,NA,NA,NA,1,3,NA,DownArrow,0,0,NA,WrongKey,H,K,17,Mistyped,Fast,Accepted,HKJL,ClosedByDeadzone,0,1,0,4,1000,2,1,Running,NA,0,6,1,0,25,0,6,1,248034,0,Rejected,KeySequence,17,
2020-05-11,10:31:56.0161,KeySequenceStopped,NA,NA,NA,NA,NA,NA,NA,NA,1,3,NA,NA,0,7516149,0,7516149,NA,NA,NA,NA,17,Mistyped,Fast,Accepted,HKJL,ClosedByDeadzone,0,1,0,4,1000,2,1,Running,NA,0,6,1,0,25,0,6,1,248034,0,Rejected,KeySequence,17,
2020-05-11,10:31:57.5227,[gameevent],HookMoved,NA,NA,NA,NA,NA,NA,NA,2,3,NA,NA,NA,NA,NA,NA,NA,NA,NA,NA,NA,NA,NA,NA,0,1,0,4,1000,2,1,Running,NA,0,6,1,0,25,0,6,1,248034,0,Rejected,KeySequence,17,
2020-05-11,10:31:56.3059,KeyDown,NA,NA,NA,NA,NA,NA,NA,NA,2,3,NA,DownArrow,0,0,NA,WrongKey,H,K,18,Mistyped,Slow,Rejected,HKJL,ClosedByDeadzone,0,1,0,4,1000,2,1,Running,NA,0,6,1,0,25,0,6,1,248034,0,Rejected,KeySequence,18,
2020-05-11,10:31:56.8839,KeyDown,NA,NA,NA,NA,NA,NA,NA,NA,2,3,NA,DownArrow,0,6300955,0,6300955,NA,WrongKey,H,K,18,Mistyped,Slow,Rejected,HKJL,ClosedByDeadzone,0,1,0,4,1000,2,1,Running,NA,0,6,1,0,25,0,6,1,248034,0,Rejected,KeySequence,18,
2020-05-11,10:31:57.5212,KeyDown,NA,NA,NA,NA,NA,NA,NA,NA,2,3,NA,DownArrow,1,263687,0,6335918,NA,WrongKey,J,None,18,Mistyped,Slow,Rejected,HKJL,ClosedByDeadzone,0,1,0,4,1000,2,1,Running,NA,0,6,1,0,25,0,6,1,248034,0,Rejected,KeySequence,18,
2020-05-11,10:31:58.2978,KeySequenceStopped,NA,NA,NA,NA,NA,NA,NA,NA,2,3,NA,NA,2,014954,0,7512664,NA,NA,NA,NA,18,Mistyped,Slow,Rejected,HKJL,ClosedByDeadzone,0,1,0,4,1000,2,1,Running,NA,0,6,1,0,25,0,6,1,248034,0,Rejected,KeySequence,18,
2020-05-11,10:31:58.7344,[gameevent],HookMoved,NA,NA,NA,NA,NA,NA,NA,3,3,NA,NA,NA,NA,NA,NA,NA,NA,NA,NA,NA,NA,NA,NA,0,1,0,4,1000,2,1,Running,NA,0,6,1,0,25,0,6,1,248034,0,Rejected,KeySequence,18,
2020-05-11,10:31:58.7318,KeyDown,NA,NA,NA,NA,NA,NA,NA,NA,3,3,NA,DownArrow,0,0,NA,WrongKey,H,K,19,Mistyped,Fast,Accepted,HKJL,ClosedByDeadzone,0,1,0,4,1000,2,1,Running,NA,0,6,1,0,25,0,6,1,248034,0,Rejected,KeySequence,19,
2020-05-11,10:31:59.4658,KeySequenceStopped,NA,NA,NA,NA,NA,NA,NA,NA,3,3,NA,NA,0,7585937,0,7585937,NA,NA,NA,NA,19,Mistyped,Fast,Accepted,HKJL,ClosedByDeadzone,0,1,0,4,1000,2,1,Running,NA,0,6,1,0,25,0,6,1,248034,0,Rejected,KeySequence,19,
2020-05-11,10:32:00.9844,[gameevent],FishHooked,3,6,6,NA,NA,NA,NA,3,3,NA,NA,NA,NA,NA,NA,NA,NA,NA,NA,NA,NA,NA,NA,0,1,0,4,1000,2,1,Running,NA,0,6,1,0,25,0,6,1,248034,0,Rejected,KeySequence,19,
2020-05-11,10:32:02.9768,InputWindowOpen,NA,3,6,6,NA,NA,NA,NA,3,3,NA,NA,NA,NA,NA,NA,NA,NA,NA,NA,NA,NA,NA,NA,0,1,0,4,1000,2,1,Running,NA,0,6,1,0,25,0,6,1,248034,0,Rejected,KeySequence,19,
2020-05-11,10:32:02.9768,[gameevent],NextTrialStarted,3,6,6,NA,NA,NA,NA,3,3,NA,NA,NA,NA,NA,NA,NA,NA,NA,NA,NA,NA,NA,NA,0,1,0,4,1000,2,1,Running,NA,0,6,1,0,25,0,6,1,248034,0,Rejected,KeySequence,19,
2020-05-11,10:32:03.3101,KeyDown,NA,3,6,6,NA,NA,NA,NA,3,3,NA,H,0,0,0,CorrectKey,H,K,20,Correct,Fast,Accepted,HKJL,ClosedByInputThreshold,0,1,0,4,1000,2,1,Running,NA,0,6,1,0,25,0,6,1,248034,1,Accepted,KeySequence,20,
2020-05-11,10:32:03.5503,KeyDown,NA,3,6,6,NA,NA,NA,NA,3,3,NA,K,0,2687478,0,2687478,1,CorrectKey,H,K,20,Correct,Fast,Accepted,HKJL,ClosedByInputThreshold,0,1,0,4,1000,2,1,Running,NA,0,6,1,0,25,0,6,1,248034,1,Accepted,KeySequence,20,
2020-05-11,10:32:03.7695,KeyDown,NA,3,6,6,NA,NA,NA,NA,3,3,NA,J,0,4884809,0,2197331,2,CorrectKey,J,None,20,Correct,Fast,Accepted,HKJL,ClosedByInputThreshold,0,1,0,4,1000,2,1,Running,NA,0,6,1,0,25,0,6,1,248034,1,Accepted,KeySequence,20,
2020-05-11,10:32:03.9510,KeyDown,NA,3,6,6,NA,NA,NA,NA,3,3,NA,L,0,6720033,0,1835224,3,CorrectKey,L,None,20,Correct,Fast,Accepted,HKJL,ClosedByInputThreshold,0,1,0,4,1000,2,1,Running,NA,0,6,1,0,25,0,6,1,248034,1,Accepted,KeySequence,20,
2020-05-11,10:32:03.9536,KeySequenceStopped,NA,3,6,6,NA,NA,NA,NA,3,3,NA,NA,0,6862743,0,014271,NA,NA,NA,NA,20,Correct,Fast,Accepted,HKJL,ClosedByInputThreshold,0,1,0,4,1000,2,1,Running,NA,0,6,1,0,25,0,6,1,248034,1,Accepted,KeySequence,20,
2020-05-11,10:32:03.9546,[gameevent],InputAccepted,3,6,6,NA,NA,NA,NA,3,3,NA,NA,NA,NA,NA,NA,NA,NA,NA,NA,NA,NA,NA,NA,0,1,0,4,1000,2,1,Running,NA,0,6,1,0,25,0,6,1,248034,1,Accepted,KeySequence,20,
2020-05-11,10:32:03.9546,InputWindowClosed,NA,3,6,6,NA,NA,NA,NA,3,3,NA,NA,NA,NA,NA,NA,NA,NA,NA,NA,NA,NA,NA,NA,0,1,0,4,1000,2,1,Running,NA,0,6,1,0,25,0,6,1,248034,1,Accepted,KeySequence,20,
2020-05-11,10:32:03.9546,DecisionAcceptAllInput,NA,3,6,6,NA,NA,NA,NA,3,3,NA,NA,NA,NA,NA,NA,NA,NA,NA,NA,NA,NA,NA,NA,0,1,0,4,1000,2,1,Running,NA,0,6666667,1,0,25,0,6666667,1,139562,1,Accepted,KeySequence,20,
2020-05-11,10:32:03.9556,[gameevent],Feedback,3,6,6,Success,NA,NA,NA,2,3,NA,NA,NA,NA,NA,NA,NA,NA,NA,NA,NA,NA,NA,NA,0,1,0,4,1000,2,1,Running,NA,0,6666667,1,0,25,0,6666667,1,139562,1,Accepted,KeySequence,20,
2020-05-11,10:32:06.7609,InputWindowOpen,NA,3,6,6,NA,NA,NA,NA,2,3,NA,NA,NA,NA,NA,NA,NA,NA,NA,NA,NA,NA,NA,NA,0,1,0,4,1000,2,1,Running,NA,0,6666667,1,0,25,0,6666667,1,139562,1,Accepted,KeySequence,20,
2020-05-11,10:32:06.7609,[gameevent],NextTrialStarted,3,7,7,NA,NA,NA,NA,2,3,NA,NA,NA,NA,NA,NA,NA,NA,NA,NA,NA,NA,NA,NA,0,1,0,4,1000,2,1,Running,NA,0,6666667,1,0,25,0,6666667,1,139562,1,Accepted,KeySequence,20,
2020-05-11,10:32:07.0919,KeyDown,NA,3,7,7,NA,NA,NA,NA,2,3,NA,H,0,0,0,CorrectKey,H,K,21,Correct,Fast,Accepted,HKJL,ClosedByInputThreshold,0,1,0,4,1000,2,1,Running,NA,0,6666667,1,0,25,0,6666667,1,139562,1,Accepted,KeySequence,21,
2020-05-11,10:32:07.3146,KeyDown,NA,3,7,7,NA,NA,NA,NA,2,3,NA,K,0,2513128,0,2513128,1,CorrectKey,H,K,21,Correct,Fast,Accepted,HKJL,ClosedByInputThreshold,0,1,0,4,1000,2,1,Running,NA,0,6666667,1,0,25,0,6666667,1,139562,1,Accepted,KeySequence,21,
2020-05-11,10:32:07.5097,KeyDown,NA,3,7,7,NA,NA,NA,NA,2,3,NA,J,0,4483362,0,1970235,2,CorrectKey,J,None,21,Correct,Fast,Accepted,HKJL,ClosedByInputThreshold,0,1,0,4,1000,2,1,Running,NA,0,6666667,1,0,25,0,6666667,1,139562,1,Accepted,KeySequence,21,
2020-05-11,10:32:07.7165,KeyDown,NA,3,7,7,NA,NA,NA,NA,2,3,NA,L,0,6485548,0,2002185,3,CorrectKey,L,None,21,Correct,Fast,Accepted,HKJL,ClosedByInputThreshold,0,1,0,4,1000,2,1,Running,NA,0,6666667,1,0,25,0,6666667,1,139562,1,Accepted,KeySequence,21,
2020-05-11,10:32:07.7175,KeySequenceStopped,NA,3,7,7,NA,NA,NA,NA,2,3,NA,NA,0,6939164,0,0453616,NA,NA,NA,NA,21,Correct,Fast,Accepted,HKJL,ClosedByInputThreshold,0,1,0,4,1000,2,1,Running,NA,0,6666667,1,0,25,0,6666667,1,139562,1,Accepted,KeySequence,21,
2020-05-11,10:32:07.7185,[gameevent],InputAccepted,3,7,7,NA,NA,NA,NA,2,3,NA,NA,NA,NA,NA,NA,NA,NA,NA,NA,NA,NA,NA,NA,0,1,0,4,1000,2,1,Running,NA,0,6666667,1,0,25,0,6666667,1,139562,1,Accepted,KeySequence,21,
2020-05-11,10:32:07.7722,InputWindowClosed,NA,3,7,7,NA,NA,NA,NA,2,3,NA,NA,NA,NA,NA,NA,NA,NA,NA,NA,NA,NA,NA,NA,0,1,0,4,1000,2,1,Running,NA,0,6666667,1,0,25,0,6666667,1,139562,1,Accepted,KeySequence,21,
2020-05-11,10:32:07.7733,[gameevent],Feedback,3,7,7,Failure,NA,NA,NA,2,4,NA,NA,NA,NA,NA,NA,NA,NA,NA,NA,NA,NA,NA,NA,0,1,0,4,1000,2,1,Running,NA,0,6666667,1,0,25,0,6666667,1,139562,1,Accepted,KeySequence,21,
2020-05-11,10:32:07.7739,DecisionRejectAllInput,NA,3,7,7,NA,NA,NA,NA,2,4,NA,NA,NA,NA,NA,NA,NA,NA,NA,NA,NA,NA,NA,NA,0,1,0,4,1000,2,1,Running,NA,0,5714286,1,0,25,0,5714286,0,8191423,1,Accepted,KeySequence,21,
2020-05-11,10:32:10.6323,InputWindowOpen,NA,3,7,7,NA,NA,NA,NA,2,4,NA,NA,NA,NA,NA,NA,NA,NA,NA,NA,NA,NA,NA,NA,0,1,0,4,1000,2,1,Running,NA,0,5714286,1,0,25,0,5714286,0,8191423,1,Accepted,KeySequence,21,
2020-05-11,10:32:10.6323,[gameevent],NextTrialStarted,3,8,8,NA,NA,NA,NA,2,4,NA,NA,NA,NA,NA,NA,NA,NA,NA,NA,NA,NA,NA,NA,0,1,0,4,1000,2,1,Running,NA,0,5714286,1,0,25,0,5714286,0,8191423,1,Accepted,KeySequence,21,
2020-05-11,10:32:10.7901,KeyDown,NA,3,8,8,NA,NA,NA,NA,2,4,NA,H,0,0,0,CorrectKey,H,K,22,Correct,Fast,Accepted,HKJL,ClosedByInputThreshold,0,1,0,4,1000,2,1,Running,NA,0,5714286,1,0,25,0,5714286,0,8191423,1,Accepted,KeySequence,22,
2020-05-11,10:32:11.0531,KeyDown,NA,3,8,8,NA,NA,NA,NA,2,4,NA,K,0,2706622,0,2706622,1,CorrectKey,H,K,22,Correct,Fast,Accepted,HKJL,ClosedByInputThreshold,0,1,0,4,1000,2,1,Running,NA,0,5714286,1,0,25,0,5714286,0,8191423,1,Accepted,KeySequence,22,
2020-05-11,10:32:11.3022,KeyDown,NA,3,8,8,NA,NA,NA,NA,2,4,NA,J,0,5082662,0,237604,2,CorrectKey,J,None,22,Correct,Fast,Accepted,HKJL,ClosedByInputThreshold,0,1,0,4,1000,2,1,Running,NA,0,5714286,1,0,25,0,5714286,0,8191423,1,Accepted,KeySequence,22,
2020-05-11,10:32:11.4422,KeyDown,NA,3,8,8,NA,NA,NA,NA,2,4,NA,L,0,6075616,0,09929541,3,CorrectKey,L,None,22,Correct,Fast,Accepted,HKJL,ClosedByInputThreshold,0,1,0,4,1000,2,1,Running,NA,0,5714286,1,0,25,0,5714286,0,8191423,1,Accepted,KeySequence,22,
2020-05-11,10:32:11.4442,KeySequenceStopped,NA,3,8,8,NA,NA,NA,NA,2,4,NA,NA,0,625896,0,0183343,NA,NA,NA,NA,22,Correct,Fast,Accepted,HKJL,ClosedByInputThreshold,0,1,0,4,1000,2,1,Running,NA,0,5714286,1,0,25,0,5714286,0,8191423,1,Accepted,KeySequence,22,
2020-05-11,10:32:11.4462,[gameevent],InputAccepted,3,8,8,NA,NA,NA,NA,2,4,NA,NA,NA,NA,NA,NA,NA,NA,NA,NA,NA,NA,NA,NA,0,1,0,4,1000,2,1,Running,NA,0,5714286,1,0,25,0,5714286,0,8191423,1,Accepted,KeySequence,22,
2020-05-11,10:32:11.6129,InputWindowClosed,NA,3,8,8,NA,NA,NA,NA,2,4,NA,NA,NA,NA,NA,NA,NA,NA,NA,NA,NA,NA,NA,NA,0,1,0,4,1000,2,1,Running,NA,0,5714286,1,0,25,0,5714286,0,8191423,1,Accepted,KeySequence,22,
2020-05-11,10:32:11.6149,[gameevent],Feedback,3,8,8,Failure,NA,NA,NA,2,5,NA,NA,NA,NA,NA,NA,NA,NA,NA,NA,NA,NA,NA,NA,0,1,0,4,1000,2,1,Running,NA,0,5714286,1,0,25,0,5714286,0,8191423,1,Accepted,KeySequence,22,
2020-05-11,10:32:11.6239,DecisionRejectAllInput,NA,3,8,8,NA,NA,NA,NA,2,5,NA,NA,NA,NA,NA,NA,NA,NA,NA,NA,NA,NA,NA,NA,0,1,0,4,1000,2,1,Running,NA,0,5,1,0,25,0,5,0,8032489,1,Accepted,KeySequence,22,
2020-05-11,10:32:11.5553,KeyDown,NA,3,8,8,NA,NA,NA,NA,2,5,NA,L,0,0,NA,WrongKey,H,K,23,Mistyped,Fast,Accepted,HKJL,ClosedByDeadzone,0,1,0,4,1000,2,1,Running,NA,0,5,1,0,25,0,5,0,8032489,0,Rejected,KeySequence,23,
2020-05-11,10:32:12.3231,KeySequenceStopped,NA,3,8,8,NA,NA,NA,NA,2,5,NA,NA,0,7646084,0,7646084,NA,NA,NA,NA,23,Mistyped,Fast,Accepted,HKJL,ClosedByDeadzone,0,1,0,4,1000,2,1,Running,NA,0,5,1,0,25,0,5,0,8032489,0,Rejected,KeySequence,23,
2020-05-11,10:32:14.4582,InputWindowOpen,NA,3,8,8,NA,NA,NA,NA,2,5,NA,NA,NA,NA,NA,NA,NA,NA,NA,NA,NA,NA,NA,NA,0,1,0,4,1000,2,1,Running,NA,0,5,1,0,25,0,5,0,8032489,0,Rejected,KeySequence,23,
2020-05-11,10:32:14.4582,[gameevent],NextTrialStarted,3,9,9,NA,NA,NA,NA,2,5,NA,NA,NA,NA,NA,NA,NA,NA,NA,NA,NA,NA,NA,NA,0,1,0,4,1000,2,1,Running,NA,0,5,1,0,25,0,5,0,8032489,0,Rejected,KeySequence,23,
2020-05-11,10:32:14.6656,KeyDown,NA,3,9,9,NA,NA,NA,NA,2,5,NA,H,0,0,0,CorrectKey,H,K,24,Correct,Fast,Accepted,HKJL,ClosedByInputThreshold,0,1,0,4,1000,2,1,Running,NA,0,5,1,0,25,0,5,0,8032489,1,Accepted,KeySequence,24,
2020-05-11,10:32:14.8748,KeyDown,NA,3,9,9,NA,NA,NA,NA,2,5,NA,K,0,2338206,0,2338206,1,CorrectKey,H,K,24,Correct,Fast,Accepted,HKJL,ClosedByInputThreshold,0,1,0,4,1000,2,1,Running,NA,0,5,1,0,25,0,5,0,8032489,1,Accepted,KeySequence,24,
2020-05-11,10:32:15.1398,KeyDown,NA,3,9,9,NA,NA,NA,NA,2,5,NA,J,0,5214673,0,2876467,2,CorrectKey,J,None,24,Correct,Fast,Accepted,HKJL,ClosedByInputThreshold,0,1,0,4,1000,2,1,Running,NA,0,5,1,0,25,0,5,0,8032489,1,Accepted,KeySequence,24,
2020-05-11,10:32:15.3905,KeyDown,NA,3,9,9,NA,NA,NA,NA,2,5,NA,L,0,7691299,0,2476626,3,CorrectKey,L,None,24,Correct,Fast,Accepted,HKJL,ClosedByInputThreshold,0,1,0,4,1000,2,1,Running,NA,0,5,1,0,25,0,5,0,8032489,1,Accepted,KeySequence,24,
2020-05-11,10:32:15.3935,KeySequenceStopped,NA,3,9,9,NA,NA,NA,NA,2,5,NA,NA,0,7859144,0,0167845,NA,NA,NA,NA,24,Correct,Fast,Accepted,HKJL,ClosedByInputThreshold,0,1,0,4,1000,2,1,Running,NA,0,5,1,0,25,0,5,0,8032489,1,Accepted,KeySequence,24,
2020-05-11,10:32:15.3951,[gameevent],InputAccepted,3,9,9,NA,NA,NA,NA,2,5,NA,NA,NA,NA,NA,NA,NA,NA,NA,NA,NA,NA,NA,NA,0,1,0,4,1000,2,1,Running,NA,0,5,1,0,25,0,5,0,8032489,1,Accepted,KeySequence,24,
2020-05-11,10:32:15.3951,InputWindowClosed,NA,3,9,9,NA,NA,NA,NA,2,5,NA,NA,NA,NA,NA,NA,NA,NA,NA,NA,NA,NA,NA,NA,0,1,0,4,1000,2,1,Running,NA,0,5,1,0,25,0,5,0,8032489,1,Accepted,KeySequence,24,
2020-05-11,10:32:15.3960,DecisionAcceptAllInput,NA,3,9,9,NA,NA,NA,NA,2,5,NA,NA,NA,NA,NA,NA,NA,NA,NA,NA,NA,NA,NA,NA,0,1,0,4,1000,2,1,Running,NA,0,5555556,1,0,25,0,5555556,1,148478,1,Accepted,KeySequence,24,
2020-05-11,10:32:15.3960,[gameevent],Feedback,3,9,9,Success,NA,NA,NA,1,5,NA,NA,NA,NA,NA,NA,NA,NA,NA,NA,NA,NA,NA,NA,0,1,0,4,1000,2,1,Running,NA,0,5555556,1,0,25,0,5555556,1,148478,1,Accepted,KeySequence,24,
2020-05-11,10:32:18.2059,InputWindowOpen,NA,3,9,9,NA,NA,NA,NA,1,5,NA,NA,NA,NA,NA,NA,NA,NA,NA,NA,NA,NA,NA,NA,0,1,0,4,1000,2,1,Running,NA,0,5555556,1,0,25,0,5555556,1,148478,1,Accepted,KeySequence,24,
2020-05-11,10:32:18.2059,[gameevent],NextTrialStarted,3,10,10,NA,NA,NA,NA,1,5,NA,NA,NA,NA,NA,NA,NA,NA,NA,NA,NA,NA,NA,NA,0,1,0,4,1000,2,1,Running,NA,0,5555556,1,0,25,0,5555556,1,148478,1,Accepted,KeySequence,24,
2020-05-11,10:32:18.4398,KeyDown,NA,3,10,10,NA,NA,NA,NA,1,5,NA,H,0,0,0,CorrectKey,H,K,25,Correct,Fast,Accepted,HKJL,ClosedByInputThreshold,0,1,0,4,1000,2,1,Running,NA,0,5555556,1,0,25,0,5555556,1,148478,1,Accepted,KeySequence,25,
2020-05-11,10:32:18.7290,KeyDown,NA,3,10,10,NA,NA,NA,NA,1,5,NA,K,0,2483286,0,2483286,1,CorrectKey,H,K,25,Correct,Fast,Accepted,HKJL,ClosedByInputThreshold,0,1,0,4,1000,2,1,Running,NA,0,5555556,1,0,25,0,5555556,1,148478,1,Accepted,KeySequence,25,
2020-05-11,10:32:18.9752,KeyDown,NA,3,10,10,NA,NA,NA,NA,1,5,NA,J,0,4818635,0,2335349,2,CorrectKey,J,None,25,Correct,Fast,Accepted,HKJL,ClosedByInputThreshold,0,1,0,4,1000,2,1,Running,NA,0,5555556,1,0,25,0,5555556,1,148478,1,Accepted,KeySequence,25,
2020-05-11,10:32:19.1817,KeyDown,NA,3,10,10,NA,NA,NA,NA,1,5,NA,L,0,727459,0,2455955,3,CorrectKey,L,None,25,Correct,Fast,Accepted,HKJL,ClosedByInputThreshold,0,1,0,4,1000,2,1,Running,NA,0,5555556,1,0,25,0,5555556,1,148478,1,Accepted,KeySequence,25,
2020-05-11,10:32:19.1907,KeySequenceStopped,NA,3,10,10,NA,NA,NA,NA,1,5,NA,NA,0,7582647,0,0308057,NA,NA,NA,NA,25,Correct,Fast,Accepted,HKJL,ClosedByInputThreshold,0,1,0,4,1000,2,1,Running,NA,0,5555556,1,0,25,0,5555556,1,148478,1,Accepted,KeySequence,25,
2020-05-11,10:32:19.1927,[gameevent],InputAccepted,3,10,10,NA,NA,NA,NA,1,5,NA,NA,NA,NA,NA,NA,NA,NA,NA,NA,NA,NA,NA,NA,0,1,0,4,1000,2,1,Running,NA,0,5555556,1,0,25,0,5555556,1,148478,1,Accepted,KeySequence,25,
2020-05-11,10:32:19.2389,InputWindowClosed,NA,3,10,10,NA,NA,NA,NA,1,5,NA,NA,NA,NA,NA,NA,NA,NA,NA,NA,NA,NA,NA,NA,0,1,0,4,1000,2,1,Running,NA,0,5555556,1,0,25,0,5555556,1,148478,1,Accepted,KeySequence,25,
2020-05-11,10:32:19.2409,[gameevent],Feedback,3,10,10,Failure,NA,NA,NA,1,6,NA,NA,NA,NA,NA,NA,NA,NA,NA,NA,NA,NA,NA,NA,0,1,0,4,1000,2,1,Running,NA,0,5555556,1,0,25,0,5555556,1,148478,1,Accepted,KeySequence,25,
2020-05-11,10:32:19.2409,DecisionRejectAllInput,NA,3,10,10,NA,NA,NA,NA,1,6,NA,NA,NA,NA,NA,NA,NA,NA,NA,NA,NA,NA,NA,NA,0,1,0,4,1000,2,1,Running,NA,0,5,1,0,25,0,5,1,043345,1,Accepted,KeySequence,25,
2020-05-11,10:32:20.0269,[gameevent],BlockEnded,3,10,10,NA,Loss,2,1,NA,NA,NA,NA,NA,NA,NA,NA,NA,NA,NA,NA,NA,NA,NA,NA,0,1,0,4,1000,2,1,Running,NA,0,5,1,0,25,0,5,1,043345,1,Accepted,KeySequence,25,
2020-05-11,10:32:25.4449,[gameevent],HookMoved,NA,NA,NA,NA,NA,NA,NA,1,3,NA,NA,NA,NA,NA,NA,NA,NA,NA,NA,NA,NA,NA,NA,0,1,0,4,1000,2,1,Running,NA,0,5,1,0,25,0,5,1,043345,1,Accepted,KeySequence,25,
2020-05-11,10:32:25.4423,KeyDown,NA,NA,NA,NA,NA,NA,NA,NA,1,3,NA,DownArrow,0,0,NA,WrongKey,H,K,26,Mistyped,Fast,Accepted,HKJL,ClosedByDeadzone,0,1,0,4,1000,2,1,Running,NA,0,5,1,0,25,0,5,1,043345,0,Rejected,KeySequence,26,
2020-05-11,10:32:26.2183,KeySequenceStopped,NA,NA,NA,NA,NA,NA,NA,NA,1,3,NA,NA,0,7927426,0,7927426,NA,NA,NA,NA,26,Mistyped,Fast,Accepted,HKJL,ClosedByDeadzone,0,1,0,4,1000,2,1,Running,NA,0,5,1,0,25,0,5,1,043345,0,Rejected,KeySequence,26,
2020-05-11,10:32:26.5583,KeyDown,NA,NA,NA,NA,NA,NA,NA,NA,1,3,NA,DownArrow,0,0,NA,WrongKey,H,K,27,Mistyped,Fast,Accepted,HKJL,ClosedByDeadzone,0,1,0,4,1000,2,1,Running,NA,0,5,1,0,25,0,5,1,043345,0,Rejected,KeySequence,27,
2020-05-11,10:32:27.2793,KeySequenceStopped,NA,NA,NA,NA,NA,NA,NA,NA,1,3,NA,NA,0,764836,0,764836,NA,NA,NA,NA,27,Mistyped,Fast,Accepted,HKJL,ClosedByDeadzone,0,1,0,4,1000,2,1,Running,NA,0,5,1,0,25,0,5,1,043345,0,Rejected,KeySequence,27,
2020-05-11,10:32:27.9156,[gameevent],HookMoved,NA,NA,NA,NA,NA,NA,NA,2,3,NA,NA,NA,NA,NA,NA,NA,NA,NA,NA,NA,NA,NA,NA,0,1,0,4,1000,2,1,Running,NA,0,5,1,0,25,0,5,1,043345,0,Rejected,KeySequence,27,
2020-05-11,10:32:27.4187,KeyDown,NA,NA,NA,NA,NA,NA,NA,NA,2,3,NA,DownArrow,0,0,NA,WrongKey,H,K,28,Mistyped,Slow,Rejected,HKJL,ClosedByDeadzone,0,1,0,4,1000,2,1,Running,NA,0,5,1,0,25,0,5,1,043345,0,Rejected,KeySequence,28,
2020-05-11,10:32:27.9136,KeyDown,NA,NA,NA,NA,NA,NA,NA,NA,2,3,NA,DownArrow,0,5672253,0,5672253,NA,WrongKey,H,K,28,Mistyped,Slow,Rejected,HKJL,ClosedByDeadzone,0,1,0,4,1000,2,1,Running,NA,0,5,1,0,25,0,5,1,043345,0,Rejected,KeySequence,28,
2020-05-11,10:32:28.6585,KeySequenceStopped,NA,NA,NA,NA,NA,NA,NA,NA,2,3,NA,NA,1,333776,0,7665502,NA,NA,NA,NA,28,Mistyped,Slow,Rejected,HKJL,ClosedByDeadzone,0,1,0,4,1000,2,1,Running,NA,0,5,1,0,25,0,5,1,043345,0,Rejected,KeySequence,28,
2020-05-11,10:32:29.5803,[gameevent],FishMissed,NA,NA,NA,NA,NA,NA,NA,2,3,NA,NA,NA,NA,NA,NA,NA,NA,NA,NA,NA,NA,NA,NA,0,1,0,4,1000,2,1,Running,NA,0,5,1,0,25,0,5,1,043345,0,Rejected,KeySequence,28,
2020-05-11,10:32:29.7958,[gameevent],HookMoved,NA,NA,NA,NA,NA,NA,NA,3,3,NA,NA,NA,NA,NA,NA,NA,NA,NA,NA,NA,NA,NA,NA,0,1,0,4,1000,2,1,Running,NA,0,5,1,0,25,0,5,1,043345,0,Rejected,KeySequence,28,
2020-05-11,10:32:29.7943,KeyDown,NA,NA,NA,NA,NA,NA,NA,NA,3,3,NA,DownArrow,0,0,NA,WrongKey,H,K,29,Mistyped,Fast,Accepted,HKJL,ClosedByDeadzone,0,1,0,4,1000,2,1,Running,NA,0,5,1,0,25,0,5,1,043345,0,Rejected,KeySequence,29,
2020-05-11,10:32:30.5446,KeySequenceStopped,NA,NA,NA,NA,NA,NA,NA,NA,3,3,NA,NA,0,7668653,0,7668653,NA,NA,NA,NA,29,Mistyped,Fast,Accepted,HKJL,ClosedByDeadzone,0,1,0,4,1000,2,1,Running,NA,0,5,1,0,25,0,5,1,043345,0,Rejected,KeySequence,29,
2020-05-11,10:32:39.8771,[gameevent],FishHooked,4,11,11,NA,NA,NA,NA,3,3,NA,NA,NA,NA,NA,NA,NA,NA,NA,NA,NA,NA,NA,NA,0,1,0,4,1000,2,1,Running,NA,0,5,1,0,25,0,5,1,043345,0,Rejected,KeySequence,29,
2020-05-11,10:32:41.8490,InputWindowOpen,NA,4,11,11,NA,NA,NA,NA,3,3,NA,NA,NA,NA,NA,NA,NA,NA,NA,NA,NA,NA,NA,NA,0,1,0,4,1000,2,1,Running,NA,0,5,1,0,25,0,5,1,043345,0,Rejected,KeySequence,29,
2020-05-11,10:32:41.8496,[gameevent],NextTrialStarted,4,11,11,NA,NA,NA,NA,3,3,NA,NA,NA,NA,NA,NA,NA,NA,NA,NA,NA,NA,NA,NA,0,1,0,4,1000,2,1,Running,NA,0,5,1,0,25,0,5,1,043345,0,Rejected,KeySequence,29,
2020-05-11,10:32:42.2244,KeyDown,NA,4,11,11,NA,NA,NA,NA,3,3,NA,H,0,0,0,CorrectKey,H,K,30,Correct,Fast,Accepted,HKJL,ClosedByInputThreshold,0,1,0,4,1000,2,1,Running,NA,0,5,1,0,25,0,5,1,043345,1,Accepted,KeySequence,30,
2020-05-11,10:32:42.4935,KeyDown,NA,4,11,11,NA,NA,NA,NA,3,3,NA,K,0,2202847,0,2202847,1,CorrectKey,H,K,30,Correct,Fast,Accepted,HKJL,ClosedByInputThreshold,0,1,0,4,1000,2,1,Running,NA,0,5,1,0,25,0,5,1,043345,1,Accepted,KeySequence,30,
2020-05-11,10:32:42.7255,KeyDown,NA,4,11,11,NA,NA,NA,NA,3,3,NA,J,0,4695843,0,2492996,2,CorrectKey,J,None,30,Correct,Fast,Accepted,HKJL,ClosedByInputThreshold,0,1,0,4,1000,2,1,Running,NA,0,5,1,0,25,0,5,1,043345,1,Accepted,KeySequence,30,
2020-05-11,10:32:42.8646,KeyDown,NA,4,11,11,NA,NA,NA,NA,3,3,NA,L,0,668649,0,1990648,3,CorrectKey,L,None,30,Correct,Fast,Accepted,HKJL,ClosedByInputThreshold,0,1,0,4,1000,2,1,Running,NA,0,5,1,0,25,0,5,1,043345,1,Accepted,KeySequence,30,
2020-05-11,10:32:42.8686,KeySequenceStopped,NA,4,11,11,NA,NA,NA,NA,3,3,NA,NA,0,6872172,0,0185682,NA,NA,NA,NA,30,Correct,Fast,Accepted,HKJL,ClosedByInputThreshold,0,1,0,4,1000,2,1,Running,NA,0,5,1,0,25,0,5,1,043345,1,Accepted,KeySequence,30,
2020-05-11,10:32:42.8696,[gameevent],InputAccepted,4,11,11,NA,NA,NA,NA,3,3,NA,NA,NA,NA,NA,NA,NA,NA,NA,NA,NA,NA,NA,NA,0,1,0,4,1000,2,1,Running,NA,0,5,1,0,25,0,5,1,043345,1,Accepted,KeySequence,30,
2020-05-11,10:32:42.8696,InputWindowClosed,NA,4,11,11,NA,NA,NA,NA,3,3,NA,NA,NA,NA,NA,NA,NA,NA,NA,NA,NA,NA,NA,NA,0,1,0,4,1000,2,1,Running,NA,0,5,1,0,25,0,5,1,043345,1,Accepted,KeySequence,30,
2020-05-11,10:32:42.8706,DecisionAcceptAllInput,NA,4,11,11,NA,NA,NA,NA,3,3,NA,NA,NA,NA,NA,NA,NA,NA,NA,NA,NA,NA,NA,NA,0,1,0,4,1000,2,1,Running,NA,0,5454546,1,0,25,0,5454546,0,8136441,1,Accepted,KeySequence,30,
2020-05-11,10:32:42.8706,[gameevent],Feedback,4,11,11,Success,NA,NA,NA,2,3,NA,NA,NA,NA,NA,NA,NA,NA,NA,NA,NA,NA,NA,NA,0,1,0,4,1000,2,1,Running,NA,0,5454546,1,0,25,0,5454546,0,8136441,1,Accepted,KeySequence,30,
2020-05-11,10:32:45.7220,InputWindowOpen,NA,4,11,11,NA,NA,NA,NA,2,3,NA,NA,NA,NA,NA,NA,NA,NA,NA,NA,NA,NA,NA,NA,0,1,0,4,1000,2,1,Running,NA,0,5454546,1,0,25,0,5454546,0,8136441,1,Accepted,KeySequence,30,
2020-05-11,10:32:45.7220,[gameevent],NextTrialStarted,4,12,12,NA,NA,NA,NA,2,3,NA,NA,NA,NA,NA,NA,NA,NA,NA,NA,NA,NA,NA,NA,0,1,0,4,1000,2,1,Running,NA,0,5454546,1,0,25,0,5454546,0,8136441,1,Accepted,KeySequence,30,
2020-05-11,10:32:46.0330,KeyDown,NA,4,12,12,NA,NA,NA,NA,2,3,NA,H,0,0,0,CorrectKey,H,K,31,Correct,Fast,Accepted,HKJL,ClosedByInputThreshold,0,1,0,4,1000,2,1,Running,NA,0,5454546,1,0,25,0,5454546,0,8136441,1,Accepted,KeySequence,31,
2020-05-11,10:32:46.2264,KeyDown,NA,4,12,12,NA,NA,NA,NA,2,3,NA,K,0,1514333,0,1514333,1,CorrectKey,H,K,31,Correct,Fast,Accepted,HKJL,ClosedByInputThreshold,0,1,0,4,1000,2,1,Running,NA,0,5454546,1,0,25,0,5454546,0,8136441,1,Accepted,KeySequence,31,
2020-05-11,10:32:46.3922,KeyDown,NA,4,12,12,NA,NA,NA,NA,2,3,NA,J,0,3501032,0,1986699,2,CorrectKey,J,None,31,Correct,Fast,Accepted,HKJL,ClosedByInputThreshold,0,1,0,4,1000,2,1,Running,NA,0,5454546,1,0,25,0,5454546,0,8136441,1,Accepted,KeySequence,31,
2020-05-11,10:32:46.5875,KeyDown,NA,4,12,12,NA,NA,NA,NA,2,3,NA,L,0,532171,0,1820678,3,CorrectKey,L,None,31,Correct,Fast,Accepted,HKJL,ClosedByInputThreshold,0,1,0,4,1000,2,1,Running,NA,0,5454546,1,0,25,0,5454546,0,8136441,1,Accepted,KeySequence,31,
2020-05-11,10:32:46.5890,KeySequenceStopped,NA,4,12,12,NA,NA,NA,NA,2,3,NA,NA,0,5514854,0,0193144,NA,NA,NA,NA,31,Correct,Fast,Accepted,HKJL,ClosedByInputThreshold,0,1,0,4,1000,2,1,Running,NA,0,5454546,1,0,25,0,5454546,0,8136441,1,Accepted,KeySequence,31,
2020-05-11,10:32:46.5910,[gameevent],InputAccepted,4,12,12,NA,NA,NA,NA,2,3,NA,NA,NA,NA,NA,NA,NA,NA,NA,NA,NA,NA,NA,NA,0,1,0,4,1000,2,1,Running,NA,0,5454546,1,0,25,0,5454546,0,8136441,1,Accepted,KeySequence,31,
2020-05-11,10:32:46.5916,InputWindowClosed,NA,4,12,12,NA,NA,NA,NA,2,3,NA,NA,NA,NA,NA,NA,NA,NA,NA,NA,NA,NA,NA,NA,0,1,0,4,1000,2,1,Running,NA,0,5454546,1,0,25,0,5454546,0,8136441,1,Accepted,KeySequence,31,
2020-05-11,10:32:46.5916,DecisionAcceptAllInput,NA,4,12,12,NA,NA,NA,NA,2,3,NA,NA,NA,NA,NA,NA,NA,NA,NA,NA,NA,NA,NA,NA,0,1,0,4,1000,2,1,Running,NA,0,5833333,1,0,25,0,5833333,0,8984259,1,Accepted,KeySequence,31,
2020-05-11,10:32:46.5916,[gameevent],Feedback,4,12,12,Success,NA,NA,NA,1,3,NA,NA,NA,NA,NA,NA,NA,NA,NA,NA,NA,NA,NA,NA,0,1,0,4,1000,2,1,Running,NA,0,5833333,1,0,25,0,5833333,0,8984259,1,Accepted,KeySequence,31,
2020-05-11,10:32:49.3839,InputWindowOpen,NA,4,12,12,NA,NA,NA,NA,1,3,NA,NA,NA,NA,NA,NA,NA,NA,NA,NA,NA,NA,NA,NA,0,1,0,4,1000,2,1,Running,NA,0,5833333,1,0,25,0,5833333,0,8984259,1,Accepted,KeySequence,31,
2020-05-11,10:32:49.3849,[gameevent],NextTrialStarted,4,13,13,NA,NA,NA,NA,1,3,NA,NA,NA,NA,NA,NA,NA,NA,NA,NA,NA,NA,NA,NA,0,1,0,4,1000,2,1,Running,NA,0,5833333,1,0,25,0,5833333,0,8984259,1,Accepted,KeySequence,31,
2020-05-11,10:32:49.6299,KeyDown,NA,4,13,13,NA,NA,NA,NA,1,3,NA,H,0,0,0,CorrectKey,H,K,32,Correct,Fast,Accepted,HKJL,ClosedByInputThreshold,0,1,0,4,1000,2,1,Running,NA,0,5833333,1,0,25,0,5833333,0,8984259,1,Accepted,KeySequence,32,
2020-05-11,10:32:49.8266,KeyDown,NA,4,13,13,NA,NA,NA,NA,1,3,NA,K,0,1908717,0,1908717,1,CorrectKey,H,K,32,Correct,Fast,Accepted,HKJL,ClosedByInputThreshold,0,1,0,4,1000,2,1,Running,NA,0,5833333,1,0,25,0,5833333,0,8984259,1,Accepted,KeySequence,32,
2020-05-11,10:32:50.0325,KeyDown,NA,4,13,13,NA,NA,NA,NA,1,3,NA,J,0,3846729,0,1938012,2,CorrectKey,J,None,32,Correct,Fast,Accepted,HKJL,ClosedByInputThreshold,0,1,0,4,1000,2,1,Running,NA,0,5833333,1,0,25,0,5833333,0,8984259,1,Accepted,KeySequence,32,
2020-05-11,10:32:50.2194,KeyDown,NA,4,13,13,NA,NA,NA,NA,1,3,NA,L,0,5967487,0,2120758,3,CorrectKey,L,None,32,Correct,Fast,Accepted,HKJL,ClosedByInputThreshold,0,1,0,4,1000,2,1,Running,NA,0,5833333,1,0,25,0,5833333,0,8984259,1,Accepted,KeySequence,32,
2020-05-11,10:32:50.2194,KeySequenceStopped,NA,4,13,13,NA,NA,NA,NA,1,3,NA,NA,0,6193158,0,0225671,NA,NA,NA,NA,32,Correct,Fast,Accepted,HKJL,ClosedByInputThreshold,0,1,0,4,1000,2,1,Running,NA,0,5833333,1,0,25,0,5833333,0,8984259,1,Accepted,KeySequence,32,
2020-05-11,10:32:50.2204,[gameevent],InputAccepted,4,13,13,NA,NA,NA,NA,1,3,NA,NA,NA,NA,NA,NA,NA,NA,NA,NA,NA,NA,NA,NA,0,1,0,4,1000,2,1,Running,NA,0,5833333,1,0,25,0,5833333,0,8984259,1,Accepted,KeySequence,32,
2020-05-11,10:32:50.3993,InputWindowClosed,NA,4,13,13,NA,NA,NA,NA,1,3,NA,NA,NA,NA,NA,NA,NA,NA,NA,NA,NA,NA,NA,NA,0,1,0,4,1000,2,1,Running,NA,0,5833333,1,0,25,0,5833333,0,8984259,1,Accepted,KeySequence,32,
2020-05-11,10:32:50.4013,[gameevent],Feedback,4,13,13,Failure,NA,NA,NA,1,2,NA,NA,NA,NA,NA,NA,NA,NA,NA,NA,NA,NA,NA,NA,0,1,0,4,1000,2,1,Running,NA,0,5833333,1,0,25,0,5833333,0,8984259,1,Accepted,KeySequence,32,
2020-05-11,10:32:50.4023,DecisionRejectAllInput,NA,4,13,13,NA,NA,NA,NA,1,2,NA,NA,NA,NA,NA,NA,NA,NA,NA,NA,NA,NA,NA,NA,0,1,0,4,1000,2,1,Running,NA,0,5384616,1,0,25,0,5384616,1,125989,1,Accepted,KeySequence,32,
2020-05-11,10:32:53.2390,InputWindowOpen,NA,4,13,13,NA,NA,NA,NA,1,2,NA,NA,NA,NA,NA,NA,NA,NA,NA,NA,NA,NA,NA,NA,0,1,0,4,1000,2,1,Running,NA,0,5384616,1,0,25,0,5384616,1,125989,1,Accepted,KeySequence,32,
2020-05-11,10:32:53.2390,[gameevent],NextTrialStarted,4,14,14,NA,NA,NA,NA,1,2,NA,NA,NA,NA,NA,NA,NA,NA,NA,NA,NA,NA,NA,NA,0,1,0,4,1000,2,1,Running,NA,0,5384616,1,0,25,0,5384616,1,125989,1,Accepted,KeySequence,32,
2020-05-11,10:32:53.4564,KeyDown,NA,4,14,14,NA,NA,NA,NA,1,2,NA,H,0,0,0,CorrectKey,H,K,33,Correct,Fast,Accepted,HKJL,ClosedByInputThreshold,0,1,0,4,1000,2,1,Running,NA,0,5384616,1,0,25,0,5384616,1,125989,1,Accepted,KeySequence,33,
2020-05-11,10:32:53.7265,KeyDown,NA,4,14,14,NA,NA,NA,NA,1,2,NA,K,0,2748901,0,2748901,1,CorrectKey,H,K,33,Correct,Fast,Accepted,HKJL,ClosedByInputThreshold,0,1,0,4,1000,2,1,Running,NA,0,5384616,1,0,25,0,5384616,1,125989,1,Accepted,KeySequence,33,
2020-05-11,10:32:53.9204,KeyDown,NA,4,14,14,NA,NA,NA,NA,1,2,NA,J,0,4843577,0,2094676,2,CorrectKey,J,None,33,Correct,Fast,Accepted,HKJL,ClosedByInputThreshold,0,1,0,4,1000,2,1,Running,NA,0,5384616,1,0,25,0,5384616,1,125989,1,Accepted,KeySequence,33,
2020-05-11,10:32:54.1578,KeyDown,NA,4,14,14,NA,NA,NA,NA,1,2,NA,L,0,7030802,0,2187224,3,CorrectKey,L,None,33,Correct,Fast,Accepted,HKJL,ClosedByInputThreshold,0,1,0,4,1000,2,1,Running,NA,0,5384616,1,0,25,0,5384616,1,125989,1,Accepted,KeySequence,33,
2020-05-11,10:32:54.1578,KeySequenceStopped,NA,4,14,14,NA,NA,NA,NA,1,2,NA,NA,0,7601124,0,0570322,NA,NA,NA,NA,33,Correct,Fast,Accepted,HKJL,ClosedByInputThreshold,0,1,0,4,1000,2,1,Running,NA,0,5384616,1,0,25,0,5384616,1,125989,1,Accepted,KeySequence,33,
2020-05-11,10:32:54.1588,[gameevent],InputAccepted,4,14,14,NA,NA,NA,NA,1,2,NA,NA,NA,NA,NA,NA,NA,NA,NA,NA,NA,NA,NA,NA,0,1,0,4,1000,2,1,Running,NA,0,5384616,1,0,25,0,5384616,1,125989,1,Accepted,KeySequence,33,
2020-05-11,10:32:54.1588,InputWindowClosed,NA,4,14,14,NA,NA,NA,NA,1,2,NA,NA,NA,NA,NA,NA,NA,NA,NA,NA,NA,NA,NA,NA,0,1,0,4,1000,2,1,Running,NA,0,5384616,1,0,25,0,5384616,1,125989,1,Accepted,KeySequence,33,
2020-05-11,10:32:54.1588,DecisionAcceptAllInput,NA,4,14,14,NA,NA,NA,NA,1,2,NA,NA,NA,NA,NA,NA,NA,NA,NA,NA,NA,NA,NA,NA,0,1,0,4,1000,2,1,Running,NA,0,5714286,1,0,25,0,5714286,1,140785,1,Accepted,KeySequence,33,
2020-05-11,10:32:54.1588,[gameevent],Feedback,4,14,14,Success,NA,NA,NA,0,3,NA,NA,NA,NA,NA,NA,NA,NA,NA,NA,NA,NA,NA,NA,0,1,0,4,1000,2,1,Running,NA,0,5714286,1,0,25,0,5714286,1,140785,1,Accepted,KeySequence,33,
2020-05-11,10:32:56.4374,[gameevent],BlockEnded,4,14,14,NA,Win,3,1,NA,NA,L - Brown Bullhead Catfish,NA,NA,NA,NA,NA,NA,NA,NA,NA,NA,NA,NA,NA,0,1,0,4,1000,2,1,Running,NA,0,5714286,1,0,25,0,5714286,1,140785,1,Accepted,KeySequence,33,
2020-05-11,10:33:00.6104,[gameevent],HookMoved,NA,NA,NA,NA,NA,NA,NA,1,3,NA,NA,NA,NA,NA,NA,NA,NA,NA,NA,NA,NA,NA,NA,0,1,0,4,1000,2,1,Running,NA,0,5714286,1,0,25,0,5714286,1,140785,1,Accepted,KeySequence,33,
2020-05-11,10:33:00.6098,KeyDown,NA,NA,NA,NA,NA,NA,NA,NA,1,3,NA,DownArrow,0,0,NA,WrongKey,H,K,34,Mistyped,Fast,Accepted,HKJL,ClosedByDeadzone,0,1,0,4,1000,2,1,Running,NA,0,5714286,1,0,25,0,5714286,1,140785,0,Rejected,KeySequence,34,
2020-05-11,10:33:01.3386,KeySequenceStopped,NA,NA,NA,NA,NA,NA,NA,NA,1,3,NA,NA,0,7582234,0,7582234,NA,NA,NA,NA,34,Mistyped,Fast,Accepted,HKJL,ClosedByDeadzone,0,1,0,4,1000,2,1,Running,NA,0,5714286,1,0,25,0,5714286,1,140785,0,Rejected,KeySequence,34,
2020-05-11,10:33:03.2114,[gameevent],HookMoved,NA,NA,NA,NA,NA,NA,NA,2,3,NA,NA,NA,NA,NA,NA,NA,NA,NA,NA,NA,NA,NA,NA,0,1,0,4,1000,2,1,Running,NA,0,5714286,1,0,25,0,5714286,1,140785,0,Rejected,KeySequence,34,
2020-05-11,10:33:02.5563,KeyDown,NA,NA,NA,NA,NA,NA,NA,NA,2,3,NA,DownArrow,0,0,NA,WrongKey,H,K,35,Mistyped,Slow,Rejected,HKJL,ClosedByDeadzone,0,1,0,4,1000,2,1,Running,NA,0,5714286,1,0,25,0,5714286,1,140785,0,Rejected,KeySequence,35,
2020-05-11,10:33:03.2094,KeyDown,NA,NA,NA,NA,NA,NA,NA,NA,2,3,NA,DownArrow,0,6986434,0,6986434,NA,WrongKey,H,K,35,Mistyped,Slow,Rejected,HKJL,ClosedByDeadzone,0,1,0,4,1000,2,1,Running,NA,0,5714286,1,0,25,0,5714286,1,140785,0,Rejected,KeySequence,35,
2020-05-11,10:33:03.9227,KeySequenceStopped,NA,NA,NA,NA,NA,NA,NA,NA,2,3,NA,NA,1,465345,0,766702,NA,NA,NA,NA,35,Mistyped,Slow,Rejected,HKJL,ClosedByDeadzone,0,1,0,4,1000,2,1,Running,NA,0,5714286,1,0,25,0,5714286,1,140785,0,Rejected,KeySequence,35,
2020-05-11,10:33:05.5869,[gameevent],FishHooked,5,15,15,NA,NA,NA,NA,2,3,NA,NA,NA,NA,NA,NA,NA,NA,NA,NA,NA,NA,NA,NA,0,1,0,4,1000,2,1,Running,NA,0,5714286,1,0,25,0,5714286,1,140785,0,Rejected,KeySequence,35,
2020-05-11,10:33:07.5455,InputWindowOpen,NA,5,15,15,NA,NA,NA,NA,2,3,NA,NA,NA,NA,NA,NA,NA,NA,NA,NA,NA,NA,NA,NA,0,1,0,4,1000,2,1,Running,NA,0,5714286,1,0,25,0,5714286,1,140785,0,Rejected,KeySequence,35,
2020-05-11,10:33:07.5455,[gameevent],NextTrialStarted,5,15,15,NA,NA,NA,NA,2,3,NA,NA,NA,NA,NA,NA,NA,NA,NA,NA,NA,NA,NA,NA,0,1,0,4,1000,2,1,Running,NA,0,5714286,1,0,25,0,5714286,1,140785,0,Rejected,KeySequence,35,
2020-05-11,10:33:08.5544,InputWindowClosed,NA,5,15,15,NA,NA,NA,NA,2,3,NA,NA,NA,NA,NA,NA,NA,NA,NA,NA,NA,NA,NA,NA,0,1,0,4,1000,2,1,Running,NA,0,5714286,1,0,25,0,5714286,1,140785,0,Rejected,KeySequence,35,
2020-05-11,10:33:08.5575,[gameevent],NoInputAccepted,5,15,15,Rejected,NA,NA,NA,2,3,NA,NA,NA,NA,NA,NA,NA,NA,NA,NA,NA,NA,NA,NA,0,1,0,4,1000,2,1,Running,NA,0,5714286,1,0,25,0,5714286,1,140785,0,Rejected,KeySequence,35,
2020-05-11,10:33:08.5585,DecisionRejectAllInput,NA,5,15,15,NA,NA,NA,NA,2,3,NA,NA,NA,NA,NA,NA,NA,NA,NA,NA,NA,NA,NA,NA,0,1,0,4,1000,2,1,Running,NA,0,5333334,1,0,25,0,5333334,1,001086,0,Rejected,KeySequence,35,
2020-05-11,10:33:07.8780,KeyDown,NA,5,15,15,NA,NA,NA,NA,2,3,NA,H,0,0,0,CorrectKey,H,K,36,Correct,Fast,Accepted,HKJL,ClosedByInputThreshold,0,1,0,4,1000,2,1,Running,NA,0,5333334,1,0,25,0,5333334,1,001086,1,Accepted,KeySequence,36,
2020-05-11,10:33:08.1102,KeyDown,NA,5,15,15,NA,NA,NA,NA,2,3,NA,K,0,2344239,0,2344239,1,CorrectKey,H,K,36,Correct,Fast,Accepted,HKJL,ClosedByInputThreshold,0,1,0,4,1000,2,1,Running,NA,0,5333334,1,0,25,0,5333334,1,001086,1,Accepted,KeySequence,36,
2020-05-11,10:33:08.4136,KeyDown,NA,5,15,15,NA,NA,NA,NA,2,3,NA,J,0,5190336,0,2846097,2,CorrectKey,J,None,36,Correct,Fast,Accepted,HKJL,ClosedByInputThreshold,0,1,0,4,1000,2,1,Running,NA,0,5333334,1,0,25,0,5333334,1,001086,1,Accepted,KeySequence,36,
2020-05-11,10:33:08.6839,KeyDown,NA,5,15,15,NA,NA,NA,NA,2,3,NA,L,0,7167397,0,1977061,3,CorrectKey,L,None,36,Correct,Fast,Accepted,HKJL,ClosedByInputThreshold,0,1,0,4,1000,2,1,Running,NA,0,5333334,1,0,25,0,5333334,1,001086,1,Accepted,KeySequence,36,
2020-05-11,10:33:08.6849,KeySequenceStopped,NA,5,15,15,NA,NA,NA,NA,2,3,NA,NA,0,8167397,0,1,NA,NA,NA,NA,36,Correct,Fast,Accepted,HKJL,ClosedByInputThreshold,0,1,0,4,1000,2,1,Running,NA,0,5333334,1,0,25,0,5333334,1,001086,1,Accepted,KeySequence,36,
2020-05-11,10:33:10.6071,InputWindowOpen,NA,5,15,15,NA,NA,NA,NA,2,3,NA,NA,NA,NA,NA,NA,NA,NA,NA,NA,NA,NA,NA,NA,0,1,0,4,1000,2,1,Running,NA,0,5333334,1,0,25,0,5333334,1,001086,1,Accepted,KeySequence,36,
2020-05-11,10:33:10.6071,[gameevent],NextTrialStarted,5,15,16,NA,NA,NA,NA,2,3,NA,NA,NA,NA,NA,NA,NA,NA,NA,NA,NA,NA,NA,NA,0,1,0,4,1000,2,1,Running,NA,0,5333334,1,0,25,0,5333334,1,001086,1,Accepted,KeySequence,36,
2020-05-11,10:33:10.8437,KeyDown,NA,5,15,16,NA,NA,NA,NA,2,3,NA,H,0,0,0,CorrectKey,H,K,37,Correct,Fast,Accepted,HKJL,ClosedByInputThreshold,0,1,0,4,1000,2,1,Running,NA,0,5333334,1,0,25,0,5333334,1,001086,1,Accepted,KeySequence,37,
2020-05-11,10:33:11.0722,KeyDown,NA,5,15,16,NA,NA,NA,NA,2,3,NA,K,0,2343148,0,2343148,1,CorrectKey,H,K,37,Correct,Fast,Accepted,HKJL,ClosedByInputThreshold,0,1,0,4,1000,2,1,Running,NA,0,5333334,1,0,25,0,5333334,1,001086,1,Accepted,KeySequence,37,
2020-05-11,10:33:11.3247,KeyDown,NA,5,15,16,NA,NA,NA,NA,2,3,NA,J,0,451032,0,2167172,2,CorrectKey,J,None,37,Correct,Fast,Accepted,HKJL,ClosedByInputThreshold,0,1,0,4,1000,2,1,Running,NA,0,5333334,1,0,25,0,5333334,1,001086,1,Accepted,KeySequence,37,
2020-05-11,10:33:11.4922,KeyDown,NA,5,15,16,NA,NA,NA,NA,2,3,NA,L,0,6500034,0,1989714,3,CorrectKey,L,None,37,Correct,Fast,Accepted,HKJL,ClosedByInputThreshold,0,1,0,4,1000,2,1,Running,NA,0,5333334,1,0,25,0,5333334,1,001086,1,Accepted,KeySequence,37,
2020-05-11,10:33:11.4952,KeySequenceStopped,NA,5,15,16,NA,NA,NA,NA,2,3,NA,NA,0,685108,0,0351046,NA,NA,NA,NA,37,Correct,Fast,Accepted,HKJL,ClosedByInputThreshold,0,1,0,4,1000,2,1,Running,NA,0,5333334,1,0,25,0,5333334,1,001086,1,Accepted,KeySequence,37,
2020-05-11,10:33:11.5061,[gameevent],InputAccepted,5,15,16,NA,NA,NA,NA,2,3,NA,NA,NA,NA,NA,NA,NA,NA,NA,NA,NA,NA,NA,NA,0,1,0,4,1000,2,1,Running,NA,0,5333334,1,0,25,0,5333334,1,001086,1,Accepted,KeySequence,37,
2020-05-11,10:33:11.6050,InputWindowClosed,NA,5,15,16,NA,NA,NA,NA,2,3,NA,NA,NA,NA,NA,NA,NA,NA,NA,NA,NA,NA,NA,NA,0,1,0,4,1000,2,1,Running,NA,0,5333334,1,0,25,0,5333334,1,001086,1,Accepted,KeySequence,37,
2020-05-11,10:33:11.6080,[gameevent],Feedback,5,15,16,Failure,NA,NA,NA,2,4,NA,NA,NA,NA,NA,NA,NA,NA,NA,NA,NA,NA,NA,NA,0,1,0,4,1000,2,1,Running,NA,0,5333334,1,0,25,0,5333334,1,001086,1,Accepted,KeySequence,37,
2020-05-11,10:33:11.6090,DecisionRejectAllInput,NA,5,15,16,NA,NA,NA,NA,2,4,NA,NA,NA,NA,NA,NA,NA,NA,NA,NA,NA,NA,NA,NA,0,1,0,4,1000,2,1,Running,NA,0,5,1,0,25,0,5,0,8448519,1,Accepted,KeySequence,37,
2020-05-11,10:33:14.4393,InputWindowOpen,NA,5,15,16,NA,NA,NA,NA,2,4,NA,NA,NA,NA,NA,NA,NA,NA,NA,NA,NA,NA,NA,NA,0,1,0,4,1000,2,1,Running,NA,0,5,1,0,25,0,5,0,8448519,1,Accepted,KeySequence,37,
2020-05-11,10:33:14.4393,[gameevent],NextTrialStarted,5,16,17,NA,NA,NA,NA,2,4,NA,NA,NA,NA,NA,NA,NA,NA,NA,NA,NA,NA,NA,NA,0,1,0,4,1000,2,1,Running,NA,0,5,1,0,25,0,5,0,8448519,1,Accepted,KeySequence,37,
2020-05-11,10:33:14.7067,KeyDown,NA,5,16,17,NA,NA,NA,NA,2,4,NA,H,0,0,0,CorrectKey,H,K,38,Correct,Fast,Accepted,HKJL,ClosedByInputThreshold,0,1,0,4,1000,2,1,Running,NA,0,5,1,0,25,0,5,0,8448519,1,Accepted,KeySequence,38,
2020-05-11,10:33:14.9131,KeyDown,NA,5,16,17,NA,NA,NA,NA,2,4,NA,K,0,1957023,0,1957023,1,CorrectKey,H,K,38,Correct,Fast,Accepted,HKJL,ClosedByInputThreshold,0,1,0,4,1000,2,1,Running,NA,0,5,1,0,25,0,5,0,8448519,1,Accepted,KeySequence,38,
2020-05-11,10:33:15.0633,KeyDown,NA,5,16,17,NA,NA,NA,NA,2,4,NA,J,0,3286924,0,1329901,2,CorrectKey,J,None,38,Correct,Fast,Accepted,HKJL,ClosedByInputThreshold,0,1,0,4,1000,2,1,Running,NA,0,5,1,0,25,0,5,0,8448519,1,Accepted,KeySequence,38,
2020-05-11,10:33:15.2549,KeyDown,NA,5,16,17,NA,NA,NA,NA,2,4,NA,L,0,5578449,0,2291525,3,CorrectKey,L,None,38,Correct,Fast,Accepted,HKJL,ClosedByInputThreshold,0,1,0,4,1000,2,1,Running,NA,0,5,1,0,25,0,5,0,8448519,1,Accepted,KeySequence,38,
2020-05-11,10:33:15.2560,KeySequenceStopped,NA,5,16,17,NA,NA,NA,NA,2,4,NA,NA,0,5785767,0,0207318,NA,NA,NA,NA,38,Correct,Fast,Accepted,HKJL,ClosedByInputThreshold,0,1,0,4,1000,2,1,Running,NA,0,5,1,0,25,0,5,0,8448519,1,Accepted,KeySequence,38,
2020-05-11,10:33:15.2575,[gameevent],InputAccepted,5,16,17,NA,NA,NA,NA,2,4,NA,NA,NA,NA,NA,NA,NA,NA,NA,NA,NA,NA,NA,NA,0,1,0,4,1000,2,1,Running,NA,0,5,1,0,25,0,5,0,8448519,1,Accepted,KeySequence,38,
2020-05-11,10:33:15.2575,InputWindowClosed,NA,5,16,17,NA,NA,NA,NA,2,4,NA,NA,NA,NA,NA,NA,NA,NA,NA,NA,NA,NA,NA,NA,0,1,0,4,1000,2,1,Running,NA,0,5,1,0,25,0,5,0,8448519,1,Accepted,KeySequence,38,
2020-05-11,10:33:15.2575,DecisionAcceptAllInput,NA,5,16,17,NA,NA,NA,NA,2,4,NA,NA,NA,NA,NA,NA,NA,NA,NA,NA,NA,NA,NA,NA,0,1,0,4,1000,2,1,Running,NA,0,5294118,1,0,25,0,5294118,1,069044,1,Accepted,KeySequence,38,
2020-05-11,10:33:15.2585,[gameevent],Feedback,5,16,17,Success,NA,NA,NA,1,4,NA,NA,NA,NA,NA,NA,NA,NA,NA,NA,NA,NA,NA,NA,0,1,0,4,1000,2,1,Running,NA,0,5294118,1,0,25,0,5294118,1,069044,1,Accepted,KeySequence,38,
2020-05-11,10:33:18.0780,InputWindowOpen,NA,5,16,17,NA,NA,NA,NA,1,4,NA,NA,NA,NA,NA,NA,NA,NA,NA,NA,NA,NA,NA,NA,0,1,0,4,1000,2,1,Running,NA,0,5294118,1,0,25,0,5294118,1,069044,1,Accepted,KeySequence,38,
2020-05-11,10:33:18.0780,[gameevent],NextTrialStarted,5,17,18,NA,NA,NA,NA,1,4,NA,NA,NA,NA,NA,NA,NA,NA,NA,NA,NA,NA,NA,NA,0,1,0,4,1000,2,1,Running,NA,0,5294118,1,0,25,0,5294118,1,069044,1,Accepted,KeySequence,38,
2020-05-11,10:33:18.3340,KeyDown,NA,5,17,18,NA,NA,NA,NA,1,4,NA,H,0,0,0,CorrectKey,H,K,39,Correct,Fast,Accepted,HKJL,ClosedByInputThreshold,0,1,0,4,1000,2,1,Running,NA,0,5294118,1,0,25,0,5294118,1,069044,1,Accepted,KeySequence,39,
2020-05-11,10:33:18.5443,KeyDown,NA,5,17,18,NA,NA,NA,NA,1,4,NA,K,0,2022439,0,2022439,1,CorrectKey,H,K,39,Correct,Fast,Accepted,HKJL,ClosedByInputThreshold,0,1,0,4,1000,2,1,Running,NA,0,5294118,1,0,25,0,5294118,1,069044,1,Accepted,KeySequence,39,
2020-05-11,10:33:18.7673,KeyDown,NA,5,17,18,NA,NA,NA,NA,1,4,NA,J,0,4496973,0,2474535,2,CorrectKey,J,None,39,Correct,Fast,Accepted,HKJL,ClosedByInputThreshold,0,1,0,4,1000,2,1,Running,NA,0,5294118,1,0,25,0,5294118,1,069044,1,Accepted,KeySequence,39,
2020-05-11,10:33:18.9256,KeyDown,NA,5,17,18,NA,NA,NA,NA,1,4,NA,L,0,5882269,0,1385295,3,CorrectKey,L,None,39,Correct,Fast,Accepted,HKJL,ClosedByInputThreshold,0,1,0,4,1000,2,1,Running,NA,0,5294118,1,0,25,0,5294118,1,069044,1,Accepted,KeySequence,39,
2020-05-11,10:33:18.9256,KeySequenceStopped,NA,5,17,18,NA,NA,NA,NA,1,4,NA,NA,0,6348696,0,0466428,NA,NA,NA,NA,39,Correct,Fast,Accepted,HKJL,ClosedByInputThreshold,0,1,0,4,1000,2,1,Running,NA,0,5294118,1,0,25,0,5294118,1,069044,1,Accepted,KeySequence,39,
2020-05-11,10:33:18.9266,[gameevent],InputAccepted,5,17,18,NA,NA,NA,NA,1,4,NA,NA,NA,NA,NA,NA,NA,NA,NA,NA,NA,NA,NA,NA,0,1,0,4,1000,2,1,Running,NA,0,5294118,1,0,25,0,5294118,1,069044,1,Accepted,KeySequence,39,
2020-05-11,10:33:19.0908,InputWindowClosed,NA,5,17,18,NA,NA,NA,NA,1,4,NA,NA,NA,NA,NA,NA,NA,NA,NA,NA,NA,NA,NA,NA,0,1,0,4,1000,2,1,Running,NA,0,5294118,1,0,25,0,5294118,1,069044,1,Accepted,KeySequence,39,
2020-05-11,10:33:19.0918,[gameevent],Feedback,5,17,18,Failure,NA,NA,NA,1,5,NA,NA,NA,NA,NA,NA,NA,NA,NA,NA,NA,NA,NA,NA,0,1,0,4,1000,2,1,Running,NA,0,5294118,1,0,25,0,5294118,1,069044,1,Accepted,KeySequence,39,
2020-05-11,10:33:19.0918,DecisionRejectAllInput,NA,5,17,18,NA,NA,NA,NA,1,5,NA,NA,NA,NA,NA,NA,NA,NA,NA,NA,NA,NA,NA,NA,0,1,0,4,1000,2,1,Running,NA,0,5,1,0,25,0,5,1,132483,1,Accepted,KeySequence,39,
2020-05-11,10:33:21.8597,InputWindowOpen,NA,5,17,18,NA,NA,NA,NA,1,5,NA,NA,NA,NA,NA,NA,NA,NA,NA,NA,NA,NA,NA,NA,0,1,0,4,1000,2,1,Running,NA,0,5,1,0,25,0,5,1,132483,1,Accepted,KeySequence,39,
2020-05-11,10:33:21.8606,[gameevent],NextTrialStarted,5,18,19,NA,NA,NA,NA,1,5,NA,NA,NA,NA,NA,NA,NA,NA,NA,NA,NA,NA,NA,NA,0,1,0,4,1000,2,1,Running,NA,0,5,1,0,25,0,5,1,132483,1,Accepted,KeySequence,39,
2020-05-11,10:33:22.1262,KeyDown,NA,5,18,19,NA,NA,NA,NA,1,5,NA,H,0,0,0,CorrectKey,H,K,40,Correct,Fast,Accepted,HKJL,ClosedByInputThreshold,0,1,0,4,1000,2,1,Running,NA,0,5,1,0,25,0,5,1,132483,1,Accepted,KeySequence,40,
2020-05-11,10:33:22.3726,KeyDown,NA,5,18,19,NA,NA,NA,NA,1,5,NA,K,0,1683362,0,1683362,1,CorrectKey,H,K,40,Correct,Fast,Accepted,HKJL,ClosedByInputThreshold,0,1,0,4,1000,2,1,Running,NA,0,5,1,0,25,0,5,1,132483,1,Accepted,KeySequence,40,
2020-05-11,10:33:22.4749,KeyDown,NA,5,18,19,NA,NA,NA,NA,1,5,NA,J,0,3506782,0,182342,2,CorrectKey,J,None,40,Correct,Fast,Accepted,HKJL,ClosedByInputThreshold,0,1,0,4,1000,2,1,Running,NA,0,5,1,0,25,0,5,1,132483,1,Accepted,KeySequence,40,
2020-05-11,10:33:22.6440,KeyDown,NA,5,18,19,NA,NA,NA,NA,1,5,NA,L,0,5209227,0,1702444,3,CorrectKey,L,None,40,Correct,Fast,Accepted,HKJL,ClosedByInputThreshold,0,1,0,4,1000,2,1,Running,NA,0,5,1,0,25,0,5,1,132483,1,Accepted,KeySequence,40,
2020-05-11,10:33:22.6466,KeySequenceStopped,NA,5,18,19,NA,NA,NA,NA,1,5,NA,NA,0,5365627,0,01564,NA,NA,NA,NA,40,Correct,Fast,Accepted,HKJL,ClosedByInputThreshold,0,1,0,4,1000,2,1,Running,NA,0,5,1,0,25,0,5,1,132483,1,Accepted,KeySequence,40,
2020-05-11,10:33:22.6486,[gameevent],InputAccepted,5,18,19,NA,NA,NA,NA,1,5,NA,NA,NA,NA,NA,NA,NA,NA,NA,NA,NA,NA,NA,NA,0,1,0,4,1000,2,1,Running,NA,0,5,1,0,25,0,5,1,132483,1,Accepted,KeySequence,40,
2020-05-11,10:33:22.8567,InputWindowClosed,NA,5,18,19,NA,NA,NA,NA,1,5,NA,NA,NA,NA,NA,NA,NA,NA,NA,NA,NA,NA,NA,NA,0,1,0,4,1000,2,1,Running,NA,0,5,1,0,25,0,5,1,132483,1,Accepted,KeySequence,40,
2020-05-11,10:33:22.8587,[gameevent],Feedback,5,18,19,Failure,NA,NA,NA,1,6,NA,NA,NA,NA,NA,NA,NA,NA,NA,NA,NA,NA,NA,NA,0,1,0,4,1000,2,1,Running,NA,0,5,1,0,25,0,5,1,132483,1,Accepted,KeySequence,40,
2020-05-11,10:33:22.8597,DecisionRejectAllInput,NA,5,18,19,NA,NA,NA,NA,1,6,NA,NA,NA,NA,NA,NA,NA,NA,NA,NA,NA,NA,NA,NA,0,1,0,4,1000,2,1,Running,NA,0,4736842,1,0,25,0,4736842,0,7975349,1,Accepted,KeySequence,40,
2020-05-11,10:33:23.6632,[gameevent],BlockEnded,5,18,19,NA,Loss,3,2,NA,NA,NA,NA,NA,NA,NA,NA,NA,NA,NA,NA,NA,NA,NA,NA,0,1,0,4,1000,2,1,Running,NA,0,4736842,1,0,25,0,4736842,0,7975349,1,Accepted,KeySequence,40,
2020-05-11,10:33:26.6798,[gameevent],HookMoved,NA,NA,NA,NA,NA,NA,NA,1,3,NA,NA,NA,NA,NA,NA,NA,NA,NA,NA,NA,NA,NA,NA,0,1,0,4,1000,2,1,Running,NA,0,4736842,1,0,25,0,4736842,0,7975349,1,Accepted,KeySequence,40,
2020-05-11,10:33:26.6788,KeyDown,NA,NA,NA,NA,NA,NA,NA,NA,1,3,NA,DownArrow,0,0,NA,WrongKey,H,K,41,Correct,Fast,Accepted,HKJL,ClosedByInputThreshold,0,1,0,4,1000,2,1,Running,NA,0,4736842,1,0,25,0,4736842,0,7975349,1,Accepted,KeySequence,41,
2020-05-11,10:33:27.1783,KeyDown,NA,NA,NA,NA,NA,NA,NA,NA,1,3,NA,DownArrow,0,496949,0,496949,NA,WrongKey,H,K,41,Correct,Fast,Accepted,HKJL,ClosedByInputThreshold,0,1,0,4,1000,2,1,Running,NA,0,4736842,1,0,25,0,4736842,0,7975349,1,Accepted,KeySequence,41,
2020-05-11,10:33:27.2123,KeyDown,NA,NA,NA,NA,NA,NA,NA,NA,1,3,NA,DownArrow,0,5341622,0,0372131,NA,WrongKey,J,None,41,Correct,Fast,Accepted,HKJL,ClosedByInputThreshold,0,1,0,4,1000,2,1,Running,NA,0,4736842,1,0,25,0,4736842,0,7975349,1,Accepted,KeySequence,41,
2020-05-11,10:33:27.2464,KeyDown,NA,NA,NA,NA,NA,NA,NA,NA,1,3,NA,DownArrow,0,5670503,0,0328881,NA,WrongKey,L,None,41,Correct,Fast,Accepted,HKJL,ClosedByInputThreshold,0,1,0,4,1000,2,1,Running,NA,0,4736842,1,0,25,0,4736842,0,7975349,1,Accepted,KeySequence,41,
2020-05-11,10:33:27.2500,KeySequenceStopped,NA,NA,NA,NA,NA,NA,NA,NA,1,3,NA,NA,0,5861506,0,0191003,NA,NA,NA,NA,41,Correct,Fast,Accepted,HKJL,ClosedByInputThreshold,0,1,0,4,1000,2,1,Running,NA,0,4736842,1,0,25,0,4736842,0,7975349,1,Accepted,KeySequence,41,
2020-05-11,10:33:27.2839,KeyDown,NA,NA,NA,NA,NA,NA,NA,NA,1,3,NA,DownArrow,0,0,NA,WrongKey,H,K,42,Correct,Fast,Accepted,HKJL,ClosedByInputThreshold,0,1,0,4,1000,2,1,Running,NA,0,4736842,1,0,25,0,4736842,0,7975349,1,Accepted,KeySequence,42,
2020-05-11,10:33:27.3625,KeyDown,NA,NA,NA,NA,NA,NA,NA,NA,1,3,NA,DownArrow,0,033468,0,033468,NA,WrongKey,H,K,42,Correct,Fast,Accepted,HKJL,ClosedByInputThreshold,0,1,0,4,1000,2,1,Running,NA,0,4736842,1,0,25,0,4736842,0,7975349,1,Accepted,KeySequence,42,
2020-05-11,10:33:27.3655,KeyDown,NA,NA,NA,NA,NA,NA,NA,NA,1,3,NA,DownArrow,0,0536944,0,0202264,NA,WrongKey,J,None,42,Correct,Fast,Accepted,HKJL,ClosedByInputThreshold,0,1,0,4,1000,2,1,Running,NA,0,4736842,1,0,25,0,4736842,0,7975349,1,Accepted,KeySequence,42,
2020-05-11,10:33:27.4092,KeyDown,NA,NA,NA,NA,NA,NA,NA,NA,1,3,NA,DownArrow,0,1324466,0,0787522,NA,WrongKey,L,None,42,Correct,Fast,Accepted,HKJL,ClosedByInputThreshold,0,1,0,4,1000,2,1,Running,NA,0,4736842,1,0,25,0,4736842,0,7975349,1,Accepted,KeySequence,42,
2020-05-11,10:33:27.4102,KeySequenceStopped,NA,NA,NA,NA,NA,NA,NA,NA,1,3,NA,NA,0,1491332,0,0166866,NA,NA,NA,NA,42,Correct,Fast,Accepted,HKJL,ClosedByInputThreshold,0,1,0,4,1000,2,1,Running,NA,0,4736842,1,0,25,0,4736842,0,7975349,1,Accepted,KeySequence,42,
2020-05-11,10:33:27.4460,KeyDown,NA,NA,NA,NA,NA,NA,NA,NA,1,3,NA,DownArrow,0,0,NA,WrongKey,H,K,43,Correct,Fast,Accepted,HKJL,ClosedByInputThreshold,0,1,0,4,1000,2,1,Running,NA,0,4736842,1,0,25,0,4736842,0,7975349,1,Accepted,KeySequence,43,
2020-05-11,10:33:27.4813,KeyDown,NA,NA,NA,NA,NA,NA,NA,NA,1,3,NA,DownArrow,0,0334194,0,0334194,NA,WrongKey,H,K,43,Correct,Fast,Accepted,HKJL,ClosedByInputThreshold,0,1,0,4,1000,2,1,Running,NA,0,4736842,1,0,25,0,4736842,0,7975349,1,Accepted,KeySequence,43,
2020-05-11,10:33:27.5119,KeyDown,NA,NA,NA,NA,NA,NA,NA,NA,1,3,NA,DownArrow,0,0676525,0,0342331,NA,WrongKey,J,None,43,Correct,Fast,Accepted,HKJL,ClosedByInputThreshold,0,1,0,4,1000,2,1,Running,NA,0,4736842,1,0,25,0,4736842,0,7975349,1,Accepted,KeySequence,43,
2020-05-11,10:33:27.5423,KeyDown,NA,NA,NA,NA,NA,NA,NA,NA,1,3,NA,DownArrow,0,0842193,0,0165668,NA,WrongKey,L,None,43,Correct,Fast,Accepted,HKJL,ClosedByInputThreshold,0,1,0,4,1000,2,1,Running,NA,0,4736842,1,0,25,0,4736842,0,7975349,1,Accepted,KeySequence,43,
2020-05-11,10:33:27.5449,KeySequenceStopped,NA,NA,NA,NA,NA,NA,NA,NA,1,3,NA,NA,0,1158676,0,0316483,NA,NA,NA,NA,43,Correct,Fast,Accepted,HKJL,ClosedByInputThreshold,0,1,0,4,1000,2,1,Running,NA,0,4736842,1,0,25,0,4736842,0,7975349,1,Accepted,KeySequence,43,
2020-05-11,10:33:27.6129,KeyDown,NA,NA,NA,NA,NA,NA,NA,NA,1,3,NA,DownArrow,0,0,NA,WrongKey,H,K,44,Mistyped,Fast,Accepted,HKJL,ClosedByDeadzone,0,1,0,4,1000,2,1,Running,NA,0,4736842,1,0,25,0,4736842,0,7975349,0,Rejected,KeySequence,44,
2020-05-11,10:33:28.3978,KeySequenceStopped,NA,NA,NA,NA,NA,NA,NA,NA,1,3,NA,NA,0,7694737,0,7694737,NA,NA,NA,NA,44,Mistyped,Fast,Accepted,HKJL,ClosedByDeadzone,0,1,0,4,1000,2,1,Running,NA,0,4736842,1,0,25,0,4736842,0,7975349,0,Rejected,KeySequence,44,
2020-05-11,10:33:28.4008,KeyDown,NA,NA,NA,NA,NA,NA,NA,NA,1,3,NA,DownArrow,0,7694737,0,7694737,NA,WrongKey,H,K,45,Mistyped,Slow,Rejected,HKJL,ClosedByDeadzone,0,1,0,4,1000,2,1,Running,NA,0,4736842,1,0,25,0,4736842,0,7975349,0,Rejected,KeySequence,45,
2020-05-11,10:33:29.1314,KeySequenceStopped,NA,NA,NA,NA,NA,NA,NA,NA,1,3,NA,NA,1,556476,0,787002,NA,NA,NA,NA,45,Mistyped,Slow,Rejected,HKJL,ClosedByDeadzone,0,1,0,4,1000,2,1,Running,NA,0,4736842,1,0,25,0,4736842,0,7975349,0,Rejected,KeySequence,45,
2020-05-11,10:33:29.2988,[gameevent],HookMoved,NA,NA,NA,NA,NA,NA,NA,2,3,NA,NA,NA,NA,NA,NA,NA,NA,NA,NA,NA,NA,NA,NA,0,1,0,4,1000,2,1,Running,NA,0,4736842,1,0,25,0,4736842,0,7975349,0,Rejected,KeySequence,45,
2020-05-11,10:33:29.2978,KeyDown,NA,NA,NA,NA,NA,NA,NA,NA,2,3,NA,DownArrow,0,0,NA,WrongKey,H,K,46,Mistyped,Fast,Accepted,HKJL,ClosedByDeadzone,0,1,0,4,1000,2,1,Running,NA,0,4736842,1,0,25,0,4736842,0,7975349,0,Rejected,KeySequence,46,
2020-05-11,10:33:30.0297,KeySequenceStopped,NA,NA,NA,NA,NA,NA,NA,NA,2,3,NA,NA,0,7685884,0,7685884,NA,NA,NA,NA,46,Mistyped,Fast,Accepted,HKJL,ClosedByDeadzone,0,1,0,4,1000,2,1,Running,NA,0,4736842,1,0,25,0,4736842,0,7975349,0,Rejected,KeySequence,46,
2020-05-11,10:33:32.7155,[gameevent],FishHooked,6,19,20,NA,NA,NA,NA,2,3,NA,NA,NA,NA,NA,NA,NA,NA,NA,NA,NA,NA,NA,NA,0,1,0,4,1000,2,1,Running,NA,0,4736842,1,0,25,0,4736842,0,7975349,0,Rejected,KeySequence,46,
2020-05-11,10:33:34.6659,InputWindowOpen,NA,6,19,20,NA,NA,NA,NA,2,3,NA,NA,NA,NA,NA,NA,NA,NA,NA,NA,NA,NA,NA,NA,0,1,0,4,1000,2,1,Running,NA,0,4736842,1,0,25,0,4736842,0,7975349,0,Rejected,KeySequence,46,
2020-05-11,10:33:34.6825,[gameevent],NextTrialStarted,6,19,20,NA,NA,NA,NA,2,3,NA,NA,NA,NA,NA,NA,NA,NA,NA,NA,NA,NA,NA,NA,0,1,0,4,1000,2,1,Running,NA,0,4736842,1,0,25,0,4736842,0,7975349,0,Rejected,KeySequence,46,
2020-05-11,10:33:34.9482,KeyDown,NA,6,19,20,NA,NA,NA,NA,2,3,NA,H,0,0,0,CorrectKey,H,K,47,Correct,Fast,Accepted,HKJL,ClosedByInputThreshold,0,1,0,4,1000,2,1,Running,NA,0,4736842,1,0,25,0,4736842,0,7975349,1,Accepted,KeySequence,47,
2020-05-11,10:33:35.1292,KeyDown,NA,6,19,20,NA,NA,NA,NA,2,3,NA,K,0,2453464,0,2453464,1,CorrectKey,H,K,47,Correct,Fast,Accepted,HKJL,ClosedByInputThreshold,0,1,0,4,1000,2,1,Running,NA,0,4736842,1,0,25,0,4736842,0,7975349,1,Accepted,KeySequence,47,
2020-05-11,10:33:35.3785,KeyDown,NA,6,19,20,NA,NA,NA,NA,2,3,NA,J,0,4508986,0,2055522,2,CorrectKey,J,None,47,Correct,Fast,Accepted,HKJL,ClosedByInputThreshold,0,1,0,4,1000,2,1,Running,NA,0,4736842,1,0,25,0,4736842,0,7975349,1,Accepted,KeySequence,47,
2020-05-11,10:33:35.5482,KeyDown,NA,6,19,20,NA,NA,NA,NA,2,3,NA,L,0,6627413,0,2118427,3,CorrectKey,L,None,47,Correct,Fast,Accepted,HKJL,ClosedByInputThreshold,0,1,0,4,1000,2,1,Running,NA,0,4736842,1,0,25,0,4736842,0,7975349,1,Accepted,KeySequence,47,
2020-05-11,10:33:35.5502,KeySequenceStopped,NA,6,19,20,NA,NA,NA,NA,2,3,NA,NA,0,6801429,0,0174016,NA,NA,NA,NA,47,Correct,Fast,Accepted,HKJL,ClosedByInputThreshold,0,1,0,4,1000,2,1,Running,NA,0,4736842,1,0,25,0,4736842,0,7975349,1,Accepted,KeySequence,47,
2020-05-11,10:33:35.5512,[gameevent],InputAccepted,6,19,20,NA,NA,NA,NA,2,3,NA,NA,NA,NA,NA,NA,NA,NA,NA,NA,NA,NA,NA,NA,0,1,0,4,1000,2,1,Running,NA,0,4736842,1,0,25,0,4736842,0,7975349,1,Accepted,KeySequence,47,
2020-05-11,10:33:35.7010,InputWindowClosed,NA,6,19,20,NA,NA,NA,NA,2,3,NA,NA,NA,NA,NA,NA,NA,NA,NA,NA,NA,NA,NA,NA,0,1,0,4,1000,2,1,Running,NA,0,4736842,1,0,25,0,4736842,0,7975349,1,Accepted,KeySequence,47,
2020-05-11,10:33:35.7020,[gameevent],Feedback,6,19,20,Failure,NA,NA,NA,2,2,NA,NA,NA,NA,NA,NA,NA,NA,NA,NA,NA,NA,NA,NA,0,1,0,4,1000,2,1,Running,NA,0,4736842,1,0,25,0,4736842,0,7975349,1,Accepted,KeySequence,47,
2020-05-11,10:33:35.7020,DecisionRejectAllInput,NA,6,19,20,NA,NA,NA,NA,2,2,NA,NA,NA,NA,NA,NA,NA,NA,NA,NA,NA,NA,NA,NA,0,1,0,4,1000,2,1,Running,NA,0,45,1,0,25,0,45,0,9001918,1,Accepted,KeySequence,47,
2020-05-11,10:33:38.4750,InputWindowOpen,NA,6,19,20,NA,NA,NA,NA,2,2,NA,NA,NA,NA,NA,NA,NA,NA,NA,NA,NA,NA,NA,NA,0,1,0,4,1000,2,1,Running,NA,0,45,1,0,25,0,45,0,9001918,1,Accepted,KeySequence,47,
2020-05-11,10:33:38.4750,[gameevent],NextTrialStarted,6,20,21,NA,NA,NA,NA,2,2,NA,NA,NA,NA,NA,NA,NA,NA,NA,NA,NA,NA,NA,NA,0,1,0,4,1000,2,1,Running,NA,0,45,1,0,25,0,45,0,9001918,1,Accepted,KeySequence,47,
2020-05-11,10:33:38.7105,KeyDown,NA,6,20,21,NA,NA,NA,NA,2,2,NA,H,0,0,0,CorrectKey,H,K,48,Correct,Fast,Accepted,HKJL,ClosedByInputThreshold,0,1,0,4,1000,2,1,Running,NA,0,45,1,0,25,0,45,0,9001918,1,Accepted,KeySequence,48,
2020-05-11,10:33:38.9383,KeyDown,NA,6,20,21,NA,NA,NA,NA,2,2,NA,K,0,1673913,0,1673913,1,CorrectKey,H,K,48,Correct,Fast,Accepted,HKJL,ClosedByInputThreshold,0,1,0,4,1000,2,1,Running,NA,0,45,1,0,25,0,45,0,9001918,1,Accepted,KeySequence,48,
2020-05-11,10:33:39.0920,KeyDown,NA,6,20,21,NA,NA,NA,NA,2,2,NA,J,0,3383603,0,170969,2,CorrectKey,J,None,48,Correct,Fast,Accepted,HKJL,ClosedByInputThreshold,0,1,0,4,1000,2,1,Running,NA,0,45,1,0,25,0,45,0,9001918,1,Accepted,KeySequence,48,
2020-05-11,10:33:39.2695,KeyDown,NA,6,20,21,NA,NA,NA,NA,2,2,NA,L,0,5178179,0,1794576,3,CorrectKey,L,None,48,Correct,Fast,Accepted,HKJL,ClosedByInputThreshold,0,1,0,4,1000,2,1,Running,NA,0,45,1,0,25,0,45,0,9001918,1,Accepted,KeySequence,48,
2020-05-11,10:33:39.2715,KeySequenceStopped,NA,6,20,21,NA,NA,NA,NA,2,2,NA,NA,0,5727609,0,054943,NA,NA,NA,NA,48,Correct,Fast,Accepted,HKJL,ClosedByInputThreshold,0,1,0,4,1000,2,1,Running,NA,0,45,1,0,25,0,45,0,9001918,1,Accepted,KeySequence,48,
2020-05-11,10:33:39.2725,[gameevent],InputAccepted,6,20,21,NA,NA,NA,NA,2,2,NA,NA,NA,NA,NA,NA,NA,NA,NA,NA,NA,NA,NA,NA,0,1,0,4,1000,2,1,Running,NA,0,45,1,0,25,0,45,0,9001918,1,Accepted,KeySequence,48,
2020-05-11,10:33:39.4948,InputWindowClosed,NA,6,20,21,NA,NA,NA,NA,2,2,NA,NA,NA,NA,NA,NA,NA,NA,NA,NA,NA,NA,NA,NA,0,1,0,4,1000,2,1,Running,NA,0,45,1,0,25,0,45,0,9001918,1,Accepted,KeySequence,48,
2020-05-11,10:33:39.5047,[gameevent],Feedback,6,20,21,Failure,NA,NA,NA,2,1,NA,NA,NA,NA,NA,NA,NA,NA,NA,NA,NA,NA,NA,NA,0,1,0,4,1000,2,1,Running,NA,0,45,1,0,25,0,45,0,9001918,1,Accepted,KeySequence,48,
2020-05-11,10:33:39.5057,DecisionRejectAllInput,NA,6,20,21,NA,NA,NA,NA,2,1,NA,NA,NA,NA,NA,NA,NA,NA,NA,NA,NA,NA,NA,NA,0,1,0,4,1000,2,1,Running,NA,0,4285714,1,0,25,0,4285714,0,9920506,1,Accepted,KeySequence,48,
2020-05-11,10:33:42.3702,InputWindowOpen,NA,6,20,21,NA,NA,NA,NA,2,1,NA,NA,NA,NA,NA,NA,NA,NA,NA,NA,NA,NA,NA,NA,0,1,0,4,1000,2,1,Running,NA,0,4285714,1,0,25,0,4285714,0,9920506,1,Accepted,KeySequence,48,
2020-05-11,10:33:42.3718,[gameevent],NextTrialStarted,6,21,22,NA,NA,NA,NA,2,1,NA,NA,NA,NA,NA,NA,NA,NA,NA,NA,NA,NA,NA,NA,0,1,0,4,1000,2,1,Running,NA,0,4285714,1,0,25,0,4285714,0,9920506,1,Accepted,KeySequence,48,
2020-05-11,10:33:42.5300,KeyDown,NA,6,21,22,NA,NA,NA,NA,2,1,NA,H,0,0,0,CorrectKey,H,K,49,Correct,Fast,Accepted,HKJL,ClosedByInputThreshold,0,1,0,4,1000,2,1,Running,NA,0,4285714,1,0,25,0,4285714,0,9920506,1,Accepted,KeySequence,49,
2020-05-11,10:33:42.6848,KeyDown,NA,6,21,22,NA,NA,NA,NA,2,1,NA,K,0,1505196,0,1505196,1,CorrectKey,H,K,49,Correct,Fast,Accepted,HKJL,ClosedByInputThreshold,0,1,0,4,1000,2,1,Running,NA,0,4285714,1,0,25,0,4285714,0,9920506,1,Accepted,KeySequence,49,
2020-05-11,10:33:42.7813,KeyDown,NA,6,21,22,NA,NA,NA,NA,2,1,NA,J,0,2470381,0,0965185,2,CorrectKey,J,None,49,Correct,Fast,Accepted,HKJL,ClosedByInputThreshold,0,1,0,4,1000,2,1,Running,NA,0,4285714,1,0,25,0,4285714,0,9920506,1,Accepted,KeySequence,49,
2020-05-11,10:33:42.9835,KeyDown,NA,6,21,22,NA,NA,NA,NA,2,1,NA,L,0,3854774,0,1384393,3,CorrectKey,L,None,49,Correct,Fast,Accepted,HKJL,ClosedByInputThreshold,0,1,0,4,1000,2,1,Running,NA,0,4285714,1,0,25,0,4285714,0,9920506,1,Accepted,KeySequence,49,
2020-05-11,10:33:42.9845,KeySequenceStopped,NA,6,21,22,NA,NA,NA,NA,2,1,NA,NA,0,4512413,0,0657639,NA,NA,NA,NA,49,Correct,Fast,Accepted,HKJL,ClosedByInputThreshold,0,1,0,4,1000,2,1,Running,NA,0,4285714,1,0,25,0,4285714,0,9920506,1,Accepted,KeySequence,49,
2020-05-11,10:33:42.9845,[gameevent],InputAccepted,6,21,22,NA,NA,NA,NA,2,1,NA,NA,NA,NA,NA,NA,NA,NA,NA,NA,NA,NA,NA,NA,0,1,0,4,1000,2,1,Running,NA,0,4285714,1,0,25,0,4285714,0,9920506,1,Accepted,KeySequence,49,
2020-05-11,10:33:42.9845,InputWindowClosed,NA,6,21,22,NA,NA,NA,NA,2,1,NA,NA,NA,NA,NA,NA,NA,NA,NA,NA,NA,NA,NA,NA,0,1,0,4,1000,2,1,Running,NA,0,4285714,1,0,25,0,4285714,0,9920506,1,Accepted,KeySequence,49,
2020-05-11,10:33:42.9845,DecisionAcceptAllInput,NA,6,21,22,NA,NA,NA,NA,2,1,NA,NA,NA,NA,NA,NA,NA,NA,NA,NA,NA,NA,NA,NA,0,1,0,4,1000,2,1,Running,NA,0,4545455,1,0,25,0,4545455,0,7949963,1,Accepted,KeySequence,49,
2020-05-11,10:33:42.9845,[gameevent],Feedback,6,21,22,Success,NA,NA,NA,1,1,NA,NA,NA,NA,NA,NA,NA,NA,NA,NA,NA,NA,NA,NA,0,1,0,4,1000,2,1,Running,NA,0,4545455,1,0,25,0,4545455,0,7949963,1,Accepted,KeySequence,49,
2020-05-11,10:33:45.7619,InputWindowOpen,NA,6,21,22,NA,NA,NA,NA,1,1,NA,NA,NA,NA,NA,NA,NA,NA,NA,NA,NA,NA,NA,NA,0,1,0,4,1000,2,1,Running,NA,0,4545455,1,0,25,0,4545455,0,7949963,1,Accepted,KeySequence,49,
2020-05-11,10:33:45.7619,[gameevent],NextTrialStarted,6,22,23,NA,NA,NA,NA,1,1,NA,NA,NA,NA,NA,NA,NA,NA,NA,NA,NA,NA,NA,NA,0,1,0,4,1000,2,1,Running,NA,0,4545455,1,0,25,0,4545455,0,7949963,1,Accepted,KeySequence,49,
2020-05-11,10:33:46.0514,KeyDown,NA,6,22,23,NA,NA,NA,NA,1,1,NA,H,0,0,0,CorrectKey,H,K,50,Correct,Fast,Accepted,HKJL,ClosedByInputThreshold,0,1,0,4,1000,2,1,Running,NA,0,4545455,1,0,25,0,4545455,0,7949963,1,Accepted,KeySequence,50,
2020-05-11,10:33:46.1645,KeyDown,NA,6,22,23,NA,NA,NA,NA,1,1,NA,K,0,1489085,0,1489085,1,CorrectKey,H,K,50,Correct,Fast,Accepted,HKJL,ClosedByInputThreshold,0,1,0,4,1000,2,1,Running,NA,0,4545455,1,0,25,0,4545455,0,7949963,1,Accepted,KeySequence,50,
2020-05-11,10:33:46.3551,KeyDown,NA,6,22,23,NA,NA,NA,NA,1,1,NA,J,0,3149199,0,1660114,2,CorrectKey,J,None,50,Correct,Fast,Accepted,HKJL,ClosedByInputThreshold,0,1,0,4,1000,2,1,Running,NA,0,4545455,1,0,25,0,4545455,0,7949963,1,Accepted,KeySequence,50,
2020-05-11,10:33:46.5222,KeyDown,NA,6,22,23,NA,NA,NA,NA,1,1,NA,L,0,4996563,0,1847364,3,CorrectKey,L,None,50,Correct,Fast,Accepted,HKJL,ClosedByInputThreshold,0,1,0,4,1000,2,1,Running,NA,0,4545455,1,0,25,0,4545455,0,7949963,1,Accepted,KeySequence,50,
2020-05-11,10:33:46.5242,KeySequenceStopped,NA,6,22,23,NA,NA,NA,NA,1,1,NA,NA,0,5184992,0,0188429,NA,NA,NA,NA,50,Correct,Fast,Accepted,HKJL,ClosedByInputThreshold,0,1,0,4,1000,2,1,Running,NA,0,4545455,1,0,25,0,4545455,0,7949963,1,Accepted,KeySequence,50,
2020-05-11,10:33:46.5282,[gameevent],InputAccepted,6,22,23,NA,NA,NA,NA,1,1,NA,NA,NA,NA,NA,NA,NA,NA,NA,NA,NA,NA,NA,NA,0,1,0,4,1000,2,1,Running,NA,0,4545455,1,0,25,0,4545455,0,7949963,1,Accepted,KeySequence,50,
2020-05-11,10:33:46.5282,InputWindowClosed,NA,6,22,23,NA,NA,NA,NA,1,1,NA,NA,NA,NA,NA,NA,NA,NA,NA,NA,NA,NA,NA,NA,0,1,0,4,1000,2,1,Running,NA,0,4545455,1,0,25,0,4545455,0,7949963,1,Accepted,KeySequence,50,
2020-05-11,10:33:46.5343,DecisionAcceptAllInput,NA,6,22,23,NA,NA,NA,NA,1,1,NA,NA,NA,NA,NA,NA,NA,NA,NA,NA,NA,NA,NA,NA,0,1,0,4,1000,2,1,Running,NA,0,4782609,1,0,25,0,4782609,1,240418,1,Accepted,KeySequence,50,
2020-05-11,10:33:46.5349,[gameevent],Feedback,6,22,23,Success,NA,NA,NA,0,3,NA,NA,NA,NA,NA,NA,NA,NA,NA,NA,NA,NA,NA,NA,0,1,0,4,1000,2,1,Running,NA,0,4782609,1,0,25,0,4782609,1,240418,1,Accepted,KeySequence,50,
2020-05-11,10:33:48.8678,[gameevent],BlockEnded,6,22,23,NA,Win,4,2,NA,NA,M - Perch,NA,NA,NA,NA,NA,NA,NA,NA,NA,NA,NA,NA,NA,0,1,0,4,1000,2,1,Running,NA,0,4782609,1,0,25,0,4782609,1,240418,1,Accepted,KeySequence,50,
2020-05-11,10:33:51.8934,Stopped,NA,NA,NA,NA,NA,NA,NA,NA,NA,NA,NA,NA,NA,NA,NA,NA,NA,NA,NA,NA,NA,NA,NA,NA,0,1,0,4,1000,2,1,Stopped,NA,0,4782609,1,0,25,0,4782609,1,240418,1,Accepted,KeySequence,50,
